id,epic_points_1,epic_points_2,epic_points_3,epic_points_4,epic_points_5,rare_points_1,rare_points_2,rare_points_3,rare_points_4,rare_points_5,uncm_points_1,uncm_points_2,uncm_points_3,uncm_points_4,uncm_points_5
1,0,0,0,0,0,0,0,0,0,0,0,0,0,0,0
10,9,7,5,4,3,5,4,3,2,2,1,1,1,1,1
11,10,8,6,4,3,6,5,3,3,2,2,2,1,1,1
13,11,8,6,5,3,7,5,4,3,2,3,2,2,1,1
15,12,9,7,5,4,8,6,5,3,3,4,3,2,2,1
17,13,10,7,5,4,9,7,5,4,3,5,4,3,2,2
19,14,11,8,6,4,10,8,6,4,3,6,5,3,3,2
21,15,11,8,6,5,11,8,6,5,3,7,5,4,3,2
23,16,12,9,7,5,12,9,7,5,4,8,6,5,3,3
25,17,13,10,7,5,13,10,7,6,4,9,7,5,4,3
27,18,14,10,8,6,14,11,8,6,4,10,8,6,4,3
29,19,14,11,8,6,15,11,8,6,5,11,8,6,5,3
31,20,15,11,8,6,16,12,9,7,5,12,9,7,5,4
33,21,16,12,9,7,17,13,10,7,5,13,10,7,5,4
35,22,17,12,9,7,18,14,10,8,6,14,11,8,6,4
37,23,17,13,10,7,19,14,11,8,6,15,11,8,6,5
39,24,18,14,10,8,20,15,11,9,6,16,12,9,7,5
41,25,19,14,11,8,21,16,12,9,7,17,13,10,7,5
43,26,20,15,11,8,22,17,12,9,7,18,14,10,8,6
45,27,20,15,11,9,23,17,13,10,7,19,14,11,8,6
47,28,21,16,12,9,24,18,14,10,8,20,15,11,8,6
49,29,22,16,12,9,25,19,14,11,8,21,16,12,9,7
51,30,23,17,13,9,26,20,15,11,8,22,17,12,9,7
53,31,23,17,13,10,27,20,15,12,9,23,17,13,10,7
55,32,24,18,14,10,28,21,16,12,9,24,18,14,10,8
57,33,25,19,14,10,29,22,16,12,9,25,19,14,11,8
59,34,26,19,14,11,30,23,17,13,9,26,20,15,11,8
61,35,26,20,15,11,31,23,17,13,10,27,20,15,11,9
63,36,27,20,15,11,32,24,18,14,10,28,21,16,12,9
65,37,28,21,16,12,32,25,19,14,10,29,22,16,12,9
66,37,28,21,16,12,32,24,18,14,10,29,22,16,12,9
85,37,28,21,16,12,33,25,19,14,10,29,22,16,12,9
86,37,28,21,16,12,34,26,19,15,11,29,22,16,12,9
88,37,28,21,16,12,35,26,20,15,11,29,22,16,12,9
89,37,28,21,16,12,36,27,20,15,11,29,22,16,12,9
91,37,28,21,16,12,37,28,21,16,12,30,23,17,13,9
92,37,28,21,16,12,38,29,21,16,12,30,23,17,13,9
93,37,28,21,16,12,38,29,21,16,12,31,23,17,13,10
94,38,29,21,16,12,39,29,22,17,12,32,24,18,14,10
96,39,29,22,16,12,39,29,22,17,12,33,25,19,14,10
97,39,29,22,16,12,39,29,22,17,12,34,26,19,14,11
98,40,30,23,17,13,39,29,22,17,12,34,26,19,14,11
99,40,30,23,17,13,39,29,22,17,12,35,26,20,15,11
100,40,30,23,17,13,40,30,23,17,13,35,26,20,15,11
101,41,31,23,17,13,40,30,23,17,13,35,26,20,15,11
103,42,32,24,18,13,40,30,23,17,13,35,26,20,15,11
104,42,32,24,18,13,41,31,23,18,13,35,26,20,15,11
105,43,32,24,18,14,41,31,23,18,13,36,27,20,15,11
107,44,33,25,19,14,41,31,23,18,13,36,27,20,15,11
110,45,34,25,19,14,41,31,23,18,13,36,27,20,15,11
111,45,34,25,19,14,41,31,23,18,13,37,28,21,16,12
112,46,35,26,19,15,41,31,23,18,13,37,28,21,16,12
113,46,35,26,19,15,42,32,24,18,13,37,28,21,16,12
114,47,35,26,20,15,42,32,24,18,13,37,28,21,16,12
115,47,35,26,20,15,43,32,24,18,14,37,28,21,16,12
121,47,35,26,20,15,43,32,24,18,14,38,29,21,16,12
138,47,35,26,20,15,44,33,25,19,14,38,29,21,16,12
139,47,35,26,20,15,44,33,25,19,14,39,29,22,16,12
143,47,35,26,20,15,44,33,25,19,14,40,30,23,17,13
146,47,35,26,20,15,44,33,25,19,14,41,31,23,17,13
148,47,35,26,20,15,44,33,25,19,14,42,32,24,18,13
150,47,35,26,20,15,44,33,25,19,14,43,32,24,18,14
152,47,35,26,20,15,44,33,25,19,14,44,33,25,19,14
154,47,35,26,20,15,44,33,25,19,14,45,34,25,19,14
159,47,35,26,20,15,45,34,25,19,14,45,34,25,19,14
161,47,35,26,20,15,46,35,26,20,15,45,34,25,19,14
162,47,35,26,20,15,46,35,26,20,15,46,35,26,19,15
163,47,35,26,20,15,47,35,26,20,15,46,35,26,19,15
165,47,35,26,20,15,48,36,27,21,15,46,35,26,19,15
166,48,36,27,20,15,48,36,27,21,15,46,35,26,19,15
167,48,36,27,20,15,49,37,28,21,16,46,35,26,19,15
170,48,36,27,20,15,49,37,28,21,16,47,35,26,20,15
173,49,37,28,21,16,49,37,28,21,16,47,35,26,20,15
175,49,37,28,21,16,50,38,28,21,16,47,35,26,20,15
180,50,38,28,21,16,50,38,28,21,16,47,35,26,20,15
183,50,38,28,21,16,51,38,29,22,16,47,35,26,20,15
187,51,38,29,22,16,51,38,29,22,16,47,35,26,20,15
194,52,39,29,22,16,51,38,29,22,16,47,35,26,20,15
200,52,39,29,22,16,52,39,29,22,16,47,35,26,20,15
201,53,40,30,22,17,52,39,29,22,16,47,35,26,20,15
207,54,41,30,23,17,52,39,29,22,16,47,35,26,20,15
213,55,41,31,23,17,52,39,29,22,16,47,35,26,20,15
278,55,41,31,23,17,52,39,29,22,16,48,36,27,20,15
289,55,41,31,23,17,52,39,29,22,16,49,37,28,21,16
291,56,42,32,24,18,52,39,29,22,16,49,37,28,21,16
292,56,42,32,24,18,52,39,29,22,16,50,38,28,21,16
295,56,42,32,24,18,52,39,29,22,16,51,38,29,22,16
297,56,42,32,24,18,52,39,29,22,16,52,39,29,22,16
300,56,42,32,24,18,53,40,30,23,17,53,40,30,22,17
305,57,43,32,24,18,54,41,30,23,17,54,41,30,23,17
317,57,43,32,24,18,55,41,31,24,17,54,41,30,23,17
319,58,44,33,24,18,55,41,31,24,17,54,41,30,23,17
325,58,44,33,24,18,56,42,32,24,18,54,41,30,23,17
332,59,44,33,25,19,56,42,32,24,18,54,41,30,23,17
333,59,44,33,25,19,57,43,32,24,18,54,41,30,23,17
346,60,45,34,25,19,58,44,33,25,18,54,41,30,23,17
359,61,46,34,26,19,58,44,33,25,18,54,41,30,23,17
364,61,46,34,26,19,59,44,33,25,19,54,41,30,23,17
378,61,46,34,26,19,59,44,33,25,19,55,41,31,23,17
382,61,46,34,26,19,60,45,34,26,19,55,41,31,23,17
385,61,46,34,26,19,60,45,34,26,19,56,42,32,24,18
399,61,46,34,26,19,60,45,34,26,19,57,43,32,24,18
400,61,46,34,26,19,61,46,34,26,19,57,43,32,24,18
407,61,46,34,26,19,61,46,34,26,19,58,44,33,24,18
416,61,46,34,26,19,61,46,34,26,19,59,44,33,25,19
418,62,47,35,26,20,62,47,35,27,20,59,44,33,25,19
423,62,47,35,26,20,62,47,35,27,20,60,45,34,25,19
429,62,47,35,26,20,62,47,35,27,20,61,46,34,26,19
433,62,47,35,27,20,62,47,35,27,20,62,47,35,27,20
435,63,47,35,27,20,63,47,35,27,20,62,47,35,27,20
437,63,47,35,27,20,63,47,35,27,20,63,47,35,27,20
444,64,48,36,27,20,64,48,36,27,20,64,48,36,27,20
450,65,49,37,28,21,65,49,37,28,21,65,49,37,28,21
457,66,50,37,28,21,66,50,37,28,21,66,50,37,28,21
463,67,50,38,29,21,67,50,38,29,21,67,50,38,29,21
464,68,51,38,29,22,68,51,38,29,22,68,51,38,29,22
466,69,52,39,30,22,69,52,39,30,22,69,52,39,30,22
467,70,53,39,30,22,70,53,39,30,22,70,53,39,30,22
469,71,53,40,30,22,71,53,40,30,22,71,53,40,30,22
470,72,54,41,31,23,72,54,41,31,23,72,54,41,31,23
472,73,55,41,31,23,73,55,41,31,23,73,55,41,31,23
473,74,56,42,32,23,74,56,42,32,23,74,56,42,32,23
475,75,56,42,32,24,75,56,42,32,24,75,56,42,32,24
476,76,57,43,33,24,76,57,43,33,24,76,57,43,33,24
478,77,58,43,33,24,77,58,43,33,24,77,58,43,33,24
479,78,59,44,33,25,78,59,44,33,25,78,59,44,33,25
481,79,59,44,34,25,79,59,44,34,25,79,59,44,34,25
482,80,60,45,34,25,80,60,45,34,25,80,60,45,34,25
483,81,61,46,35,26,81,61,46,35,26,81,61,46,35,26
485,82,62,46,35,26,82,62,46,35,26,82,62,46,35,26
486,83,62,47,36,26,83,62,47,36,26,83,62,47,36,26
487,84,63,47,36,27,84,63,47,36,27,84,63,47,36,27
488,85,64,48,36,27,85,64,48,36,27,85,64,48,36,27
490,86,65,48,37,27,86,65,48,37,27,86,65,48,37,27
491,87,65,49,37,28,87,65,49,37,28,87,65,49,37,28
492,88,66,50,38,28,88,66,50,38,28,88,66,50,38,28
493,89,67,50,38,28,89,67,50,38,28,89,67,50,38,28
495,90,68,51,39,28,90,68,51,39,28,90,68,51,39,28
496,91,68,51,39,29,91,68,51,39,29,91,68,51,39,29
497,92,69,52,39,29,92,69,52,39,29,92,69,52,39,29
498,93,70,52,40,29,93,70,52,40,29,93,70,52,40,29
499,94,71,53,40,30,94,71,53,40,30,94,71,53,40,30
500,95,71,53,41,30,95,71,53,41,30,95,71,53,41,30
502,96,72,54,41,30,96,72,54,41,30,96,72,54,41,30
503,97,73,55,42,31,97,73,55,42,31,97,73,55,42,31
504,98,74,55,42,31,98,74,55,42,31,98,74,55,42,31
505,99,74,56,42,31,99,74,56,42,31,99,74,56,42,31
506,100,75,56,43,32,100,75,56,43,32,100,75,56,43,32
507,101,76,57,43,32,101,76,57,43,32,101,76,57,43,32
508,102,77,57,44,32,102,77,57,44,32,102,77,57,44,32
509,103,77,58,44,33,103,77,58,44,33,103,77,58,44,33
510,104,78,59,45,33,104,78,59,45,33,104,78,59,45,33
511,105,79,59,45,33,105,79,59,45,33,105,79,59,45,33
512,106,80,60,45,34,106,80,60,45,34,106,80,60,45,34
513,107,80,60,46,34,107,80,60,46,34,107,80,60,46,34
514,108,81,61,46,34,108,81,61,46,34,108,81,61,46,34
515,109,82,61,47,34,109,82,61,47,34,109,82,61,47,34
516,110,83,62,47,35,110,83,62,47,35,110,83,62,47,35
517,111,83,62,48,35,111,83,62,48,35,111,83,62,48,35
518,112,84,63,48,35,112,84,63,48,35,112,84,63,48,35
519,113,85,64,48,36,113,85,64,48,36,113,85,64,48,36
520,114,86,64,49,36,114,86,64,49,36,114,86,64,49,36
521,115,86,65,49,36,115,86,65,49,36,115,86,65,49,36
522,116,87,65,50,37,116,87,65,50,37,116,87,65,50,37
523,117,88,66,50,37,117,88,66,50,37,117,88,66,50,37
524,118,89,66,51,37,118,89,66,51,37,118,89,66,51,37
525,119,89,67,51,38,119,89,67,51,38,119,89,67,51,38
526,121,91,68,52,38,121,91,68,52,38,121,91,68,52,38
527,122,92,69,52,39,122,92,69,52,39,122,92,69,52,39
528,123,92,69,53,39,123,92,69,53,39,123,92,69,53,39
529,124,93,70,53,39,124,93,70,53,39,124,93,70,53,39
530,125,94,70,54,40,125,94,70,54,40,125,94,70,54,40
531,126,95,71,54,40,126,95,71,54,40,126,95,71,54,40
532,127,95,71,54,40,127,95,71,54,40,127,95,71,54,40
533,129,97,73,55,41,129,97,73,55,41,129,97,73,55,41
534,130,98,73,56,41,130,98,73,56,41,130,98,73,56,41
535,131,98,74,56,41,131,98,74,56,41,131,98,74,56,41
536,132,99,74,57,42,132,99,74,57,42,132,99,74,57,42
537,134,101,75,57,42,134,101,75,57,42,134,101,75,57,42
538,135,101,76,58,43,135,101,76,58,43,135,101,76,58,43
539,136,102,77,58,43,136,102,77,58,43,136,102,77,58,43
540,137,103,77,59,43,137,103,77,59,43,137,103,77,59,43
541,139,104,78,60,44,139,104,78,60,44,139,104,78,60,44
542,140,105,79,60,44,140,105,79,60,44,140,105,79,60,44
543,141,106,79,60,45,141,106,79,60,45,141,106,79,60,45
544,143,107,80,61,45,143,107,80,61,45,143,107,80,61,45
545,144,108,81,62,46,144,108,81,62,46,144,108,81,62,46
546,145,109,82,62,46,145,109,82,62,46,145,109,82,62,46
547,147,110,83,63,47,147,110,83,63,47,147,110,83,63,47
548,148,111,83,63,47,148,111,83,63,47,148,111,83,63,47
549,149,112,84,64,47,149,112,84,64,47,149,112,84,64,47
550,151,113,85,65,48,151,113,85,65,48,151,113,85,65,48
551,152,114,86,65,48,152,114,86,65,48,152,114,86,65,48
552,154,116,87,66,49,154,116,87,66,49,154,116,87,66,49
553,155,116,87,66,49,155,116,87,66,49,155,116,87,66,49
554,156,117,88,67,49,156,117,88,67,49,156,117,88,67,49
555,158,119,89,68,50,158,119,89,68,50,158,119,89,68,50
556,159,119,89,68,50,159,119,89,68,50,159,119,89,68,50
557,161,121,91,69,51,161,121,91,69,51,161,121,91,69,51
558,162,122,91,69,51,162,122,91,69,51,162,122,91,69,51
559,164,123,92,70,52,164,123,92,70,52,164,123,92,70,52
560,165,124,93,71,52,165,124,93,71,52,165,124,93,71,52
561,167,125,94,72,53,167,125,94,72,53,167,125,94,72,53
562,169,127,95,72,53,169,127,95,72,53,169,127,95,72,53
563,170,128,96,73,54,170,128,96,73,54,170,128,96,73,54
564,172,129,97,74,54,172,129,97,74,54,172,129,97,74,54
565,173,130,97,74,55,173,130,97,74,55,173,130,97,74,55
566,175,131,98,75,55,175,131,98,75,55,175,131,98,75,55
567,177,133,100,76,56,177,133,100,76,56,177,133,100,76,56
568,178,134,100,76,56,178,134,100,76,56,178,134,100,76,56
569,180,135,101,77,57,180,135,101,77,57,180,135,101,77,57
570,182,137,102,78,58,182,137,102,78,58,182,137,102,78,58
571,183,137,103,78,58,183,137,103,78,58,183,137,103,78,58
572,185,139,104,79,59,185,139,104,79,59,185,139,104,79,59
573,187,140,105,80,59,187,140,105,80,59,187,140,105,80,59
574,188,141,106,81,59,188,141,106,81,59,188,141,106,81,59
575,190,143,107,81,60,190,143,107,81,60,190,143,107,81,60
576,192,144,108,82,61,192,144,108,82,61,192,144,108,82,61
577,194,146,109,83,61,194,146,109,83,61,194,146,109,83,61
578,196,147,110,84,62,196,147,110,84,62,196,147,110,84,62
579,197,148,111,84,62,197,148,111,84,62,197,148,111,84,62
580,199,149,112,85,63,199,149,112,85,63,199,149,112,85,63
581,201,151,113,86,64,201,151,113,86,64,201,151,113,86,64
582,203,152,114,87,64,203,152,114,87,64,203,152,114,87,64
583,205,154,115,88,65,205,154,115,88,65,205,154,115,88,65
584,207,155,116,89,65,207,155,116,89,65,207,155,116,89,65
585,209,157,118,90,66,209,157,118,90,66,209,157,118,90,66
586,211,158,119,90,67,211,158,119,90,67,211,158,119,90,67
587,213,160,120,91,67,213,160,120,91,67,213,160,120,91,67
588,215,161,121,92,68,215,161,121,92,68,215,161,121,92,68
589,217,163,122,93,69,217,163,122,93,69,217,163,122,93,69
590,219,164,123,94,69,219,164,123,94,69,219,164,123,94,69
591,221,166,124,95,70,221,166,124,95,70,221,166,124,95,70
592,223,167,125,96,71,223,167,125,96,71,223,167,125,96,71
593,225,169,127,96,71,225,169,127,96,71,225,169,127,96,71
594,227,170,128,97,72,227,170,128,97,72,227,170,128,97,72
595,229,172,129,98,72,229,172,129,98,72,229,172,129,98,72
596,231,173,130,99,73,231,173,130,99,73,231,173,130,99,73
597,234,176,132,100,74,234,176,132,100,74,234,176,132,100,74
598,236,177,133,101,75,236,177,133,101,75,236,177,133,101,75
599,238,179,134,102,75,238,179,134,102,75,238,179,134,102,75
600,240,180,135,103,76,240,180,135,103,76,240,180,135,103,76
601,242,182,136,104,77,242,182,136,104,77,242,182,136,104,77
602,245,184,138,105,78,245,184,138,105,78,245,184,138,105,78
603,247,185,139,106,78,247,185,139,106,78,247,185,139,106,78
604,249,187,140,107,79,249,187,140,107,79,249,187,140,107,79
605,252,189,142,108,80,252,189,142,108,80,252,189,142,108,80
606,254,191,143,109,80,254,191,143,109,80,254,191,143,109,80
607,256,192,144,110,81,256,192,144,110,81,256,192,144,110,81
608,259,194,146,111,82,259,194,146,111,82,259,194,146,111,82
609,261,196,147,112,83,261,196,147,112,83,261,196,147,112,83
610,264,198,149,113,84,264,198,149,113,84,264,198,149,113,84
611,266,200,150,114,84,266,200,150,114,84,266,200,150,114,84
612,269,202,151,115,85,269,202,151,115,85,269,202,151,115,85
613,271,203,152,116,86,271,203,152,116,86,271,203,152,116,86
614,274,206,154,117,87,274,206,154,117,87,274,206,154,117,87
615,276,207,155,118,87,276,207,155,118,87,276,207,155,118,87
616,279,209,157,120,88,279,209,157,120,88,279,209,157,120,88
617,281,211,158,120,89,281,211,158,120,89,281,211,158,120,89
618,284,213,160,122,90,284,213,160,122,90,284,213,160,122,90
619,287,215,161,123,91,287,215,161,123,91,287,215,161,123,91
620,289,217,163,124,91,289,217,163,124,91,289,217,163,124,91
621,292,219,164,125,92,292,219,164,125,92,292,219,164,125,92
622,295,221,166,126,93,295,221,166,126,93,295,221,166,126,93
623,298,224,168,128,94,298,224,168,128,94,298,224,168,128,94
624,300,225,169,129,95,300,225,169,129,95,300,225,169,129,95
625,303,227,170,130,96,303,227,170,130,96,303,227,170,130,96
626,306,230,172,131,97,306,230,172,131,97,306,230,172,131,97
627,309,232,174,132,98,309,232,174,132,98,309,232,174,132,98
628,312,234,176,134,99,312,234,176,134,99,312,234,176,134,99
629,315,236,177,135,100,315,236,177,135,100,315,236,177,135,100
630,318,239,179,136,101,318,239,179,136,101,318,239,179,136,101
631,321,241,181,138,102,321,241,181,138,102,321,241,181,138,102
632,324,243,182,139,103,324,243,182,139,103,324,243,182,139,103
633,327,245,184,140,103,327,245,184,140,103,327,245,184,140,103
634,330,248,186,141,104,330,248,186,141,104,330,248,186,141,104
635,333,250,187,143,105,333,250,187,143,105,333,250,187,143,105
636,336,252,189,144,106,336,252,189,144,106,336,252,189,144,106
637,339,254,191,145,107,339,254,191,145,107,339,254,191,145,107
638,342,257,192,147,108,342,257,192,147,108,342,257,192,147,108
639,345,259,194,148,109,345,259,194,148,109,345,259,194,148,109
640,349,262,196,150,110,349,262,196,150,110,349,262,196,150,110
641,352,264,198,151,111,352,264,198,151,111,352,264,198,151,111
642,355,266,200,152,112,355,266,200,152,112,355,266,200,152,112
643,358,269,201,153,113,358,269,201,153,113,358,269,201,153,113
644,362,272,204,155,115,362,272,204,155,115,362,272,204,155,115
645,365,274,205,156,115,365,274,205,156,115,365,274,205,156,115
646,369,277,208,158,117,369,277,208,158,117,369,277,208,158,117
647,372,279,209,159,118,372,279,209,159,118,372,279,209,159,118
648,376,282,212,161,119,376,282,212,161,119,376,282,212,161,119
649,379,284,213,162,120,379,284,213,162,120,379,284,213,162,120
650,383,287,215,164,121,383,287,215,164,121,383,287,215,164,121
651,386,290,217,165,122,386,290,217,165,122,386,290,217,165,122
652,390,293,219,167,123,390,293,219,167,123,390,293,219,167,123
653,393,295,221,168,124,393,295,221,168,124,393,295,221,168,124
654,397,298,223,170,126,397,298,223,170,126,397,298,223,170,126
655,401,301,226,172,127,401,301,226,172,127,401,301,226,172,127
656,405,304,228,174,128,405,304,228,174,128,405,304,228,174,128
657,408,306,230,175,129,408,306,230,175,129,408,306,230,175,129
658,412,309,232,177,130,412,309,232,177,130,412,309,232,177,130
659,416,312,234,178,132,416,312,234,178,132,416,312,234,178,132
660,420,315,236,180,133,420,315,236,180,133,420,315,236,180,133
661,424,318,239,182,134,424,318,239,182,134,424,318,239,182,134
662,428,321,241,183,135,428,321,241,183,135,428,321,241,183,135
663,432,324,243,185,137,432,324,243,185,137,432,324,243,185,137
664,436,327,245,187,138,436,327,245,187,138,436,327,245,187,138
665,440,330,248,189,139,440,330,248,189,139,440,330,248,189,139
666,444,333,250,190,140,444,333,250,190,140,444,333,250,190,140
667,448,336,252,192,142,448,336,252,192,142,448,336,252,192,142
668,452,339,254,194,143,452,339,254,194,143,452,339,254,194,143
669,457,343,257,196,145,457,343,257,196,145,457,343,257,196,145
670,461,346,259,198,146,461,346,259,198,146,461,346,259,198,146
671,465,349,262,199,147,465,349,262,199,147,465,349,262,199,147
672,470,353,264,201,149,470,353,264,201,149,470,353,264,201,149
673,474,356,267,203,150,474,356,267,203,150,474,356,267,203,150
674,479,359,269,205,152,479,359,269,205,152,479,359,269,205,152
675,483,362,272,207,153,483,362,272,207,153,483,362,272,207,153
676,488,366,275,209,154,488,366,275,209,154,488,366,275,209,154
677,492,369,277,211,156,492,369,277,211,156,492,369,277,211,156
678,497,373,280,213,157,497,373,280,213,157,497,373,280,213,157
679,501,376,282,215,159,501,376,282,215,159,501,376,282,215,159
680,506,380,285,217,160,506,380,285,217,160,506,380,285,217,160
681,511,383,287,219,162,511,383,287,219,162,511,383,287,219,162
682,516,387,290,221,163,516,387,290,221,163,516,387,290,221,163
683,520,390,293,223,165,520,390,293,223,165,520,390,293,223,165
684,525,394,295,225,166,525,394,295,225,166,525,394,295,225,166
685,530,398,298,227,168,530,398,298,227,168,530,398,298,227,168
686,535,401,301,229,169,535,401,301,229,169,535,401,301,229,169
687,540,405,304,231,171,540,405,304,231,171,540,405,304,231,171
688,545,409,307,234,172,545,409,307,234,172,545,409,307,234,172
689,550,413,309,236,174,550,413,309,236,174,550,413,309,236,174
690,555,416,312,238,176,555,416,312,238,176,555,416,312,238,176
691,561,421,316,240,178,561,421,316,240,178,561,421,316,240,178
692,566,425,318,243,179,566,425,318,243,179,566,425,318,243,179
693,571,428,321,245,181,571,428,321,245,181,571,428,321,245,181
694,577,433,325,247,183,577,433,325,247,183,577,433,325,247,183
695,582,437,327,249,184,582,437,327,249,184,582,437,327,249,184
696,587,440,330,252,186,587,440,330,252,186,587,440,330,252,186
697,593,445,334,254,188,593,445,334,254,188,593,445,334,254,188
698,598,449,336,256,189,598,449,336,256,189,598,449,336,256,189
699,604,453,340,259,191,604,453,340,259,191,604,453,340,259,191
700,610,458,343,261,193,610,458,343,261,193,610,458,343,261,193
701,615,461,346,264,195,615,461,346,264,195,615,461,346,264,195
702,621,466,349,266,196,621,466,349,266,196,621,466,349,266,196
703,627,470,353,269,198,627,470,353,269,198,627,470,353,269,198
704,633,475,356,271,200,633,475,356,271,200,633,475,356,271,200
705,639,479,359,274,202,639,479,359,274,202,639,479,359,274,202
706,645,484,363,276,204,645,484,363,276,204,645,484,363,276,204
707,651,488,366,279,206,651,488,366,279,206,651,488,366,279,206
708,657,493,370,282,208,657,493,370,282,208,657,493,370,282,208
709,663,497,373,284,210,663,497,373,284,210,663,497,373,284,210
710,669,502,376,287,212,669,502,376,287,212,669,502,376,287,212
711,675,506,380,289,214,675,506,380,289,214,675,506,380,289,214
712,682,512,384,292,216,682,512,384,292,216,682,512,384,292,216
713,688,516,387,295,218,688,516,387,295,218,688,516,387,295,218
714,695,521,391,298,220,695,521,391,298,220,695,521,391,298,220
715,701,526,394,300,222,701,526,394,300,222,701,526,394,300,222
716,708,531,398,303,224,708,531,398,303,224,708,531,398,303,224
717,714,536,402,306,226,714,536,402,306,226,714,536,402,306,226
718,721,541,406,309,228,721,541,406,309,228,721,541,406,309,228
719,728,546,410,312,230,728,546,410,312,230,728,546,410,312,230
720,735,551,413,315,233,735,551,413,315,233,735,551,413,315,233
721,741,556,417,318,234,741,556,417,318,234,741,556,417,318,234
722,748,561,421,321,237,748,561,421,321,237,748,561,421,321,237
723,755,566,425,324,239,755,566,425,324,239,755,566,425,324,239
724,762,572,429,327,241,762,572,429,327,241,762,572,429,327,241
725,770,578,433,330,244,770,578,433,330,244,770,578,433,330,244
726,777,583,437,333,246,777,583,437,333,246,777,583,437,333,246
727,784,588,441,336,248,784,588,441,336,248,784,588,441,336,248
728,791,593,445,339,250,791,593,445,339,250,791,593,445,339,250
729,799,599,449,342,253,799,599,449,342,253,799,599,449,342,253
730,806,605,453,345,255,806,605,453,345,255,806,605,453,345,255
731,814,611,458,349,258,814,611,458,349,258,814,611,458,349,258
732,821,616,462,352,260,821,616,462,352,260,821,616,462,352,260
733,829,622,466,355,262,829,622,466,355,262,829,622,466,355,262
734,837,628,471,359,265,837,628,471,359,265,837,628,471,359,265
735,845,634,475,362,267,845,634,475,362,267,845,634,475,362,267
736,853,640,480,366,270,853,640,480,366,270,853,640,480,366,270
737,861,646,484,369,272,861,646,484,369,272,861,646,484,369,272
738,869,652,489,372,275,869,652,489,372,275,869,652,489,372,275
739,877,658,493,376,277,877,658,493,376,277,877,658,493,376,277
740,885,664,498,379,280,885,664,498,379,280,885,664,498,379,280
741,893,670,502,383,283,893,670,502,383,283,893,670,502,383,283
742,902,677,507,387,285,902,677,507,387,285,902,677,507,387,285
743,910,683,512,390,288,910,683,512,390,288,910,683,512,390,288
744,919,689,517,394,291,919,689,517,394,291,919,689,517,394,291
745,927,695,521,397,293,927,695,521,397,293,927,695,521,397,293
746,936,702,527,401,296,936,702,527,401,296,936,702,527,401,296
747,945,709,532,405,299,945,709,532,405,299,945,709,532,405,299
748,954,716,537,409,302,954,716,537,409,302,954,716,537,409,302
749,962,722,541,412,304,962,722,541,412,304,962,722,541,412,304
750,971,728,546,416,307,971,728,546,416,307,971,728,546,416,307
751,981,736,552,420,310,981,736,552,420,310,981,736,552,420,310
752,990,743,557,424,313,990,743,557,424,313,990,743,557,424,313
753,999,749,562,428,316,999,749,562,428,316,999,749,562,428,316
754,1008,756,567,432,319,1008,756,567,432,319,1008,756,567,432,319
755,1018,764,573,436,322,1018,764,573,436,322,1018,764,573,436,322
756,1027,770,578,440,325,1027,770,578,440,325,1027,770,578,440,325
757,1037,778,583,444,328,1037,778,583,444,328,1037,778,583,444,328
758,1047,785,589,449,331,1047,785,589,449,331,1047,785,589,449,331
759,1056,792,594,453,334,1056,792,594,453,334,1056,792,594,453,334
760,1066,800,600,457,337,1066,800,600,457,337,1066,800,600,457,337
761,1076,807,605,461,340,1076,807,605,461,340,1076,807,605,461,340
762,1086,815,611,465,344,1086,815,611,465,344,1086,815,611,465,344
763,1097,823,617,470,347,1097,823,617,470,347,1097,823,617,470,347
764,1107,830,623,474,350,1107,830,623,474,350,1107,830,623,474,350
765,1117,838,628,479,353,1117,838,628,479,353,1117,838,628,479,353
766,1128,846,635,483,357,1128,846,635,483,357,1128,846,635,483,357
767,1138,854,640,488,360,1138,854,640,488,360,1138,854,640,488,360
768,1149,862,646,492,364,1149,862,646,492,364,1149,862,646,492,364
769,1160,870,653,497,367,1160,870,653,497,367,1160,870,653,497,367
770,1170,878,658,501,370,1170,878,658,501,370,1170,878,658,501,370
771,1181,886,664,506,374,1181,886,664,506,374,1181,886,664,506,374
772,1192,894,671,511,377,1192,894,671,511,377,1192,894,671,511,377
773,1204,903,677,516,381,1204,903,677,516,381,1204,903,677,516,381
774,1215,911,683,521,384,1215,911,683,521,384,1215,911,683,521,384
775,1226,920,690,525,388,1226,920,690,525,388,1226,920,690,525,388
776,1238,929,696,531,392,1238,929,696,531,392,1238,929,696,531,392
777,1249,937,703,535,395,1249,937,703,535,395,1249,937,703,535,395
778,1261,946,709,540,399,1261,946,709,540,399,1261,946,709,540,399
779,1273,955,716,546,403,1273,955,716,546,403,1273,955,716,546,403
780,1285,964,723,551,407,1285,964,723,551,407,1285,964,723,551,407
781,1297,973,730,556,410,1297,973,730,556,410,1297,973,730,556,410
782,1309,982,736,561,414,1309,982,736,561,414,1309,982,736,561,414
783,1321,991,743,566,418,1321,991,743,566,418,1321,991,743,566,418
784,1334,1001,750,572,422,1334,1001,750,572,422,1334,1001,750,572,422
785,1346,1010,757,577,426,1346,1010,757,577,426,1346,1010,757,577,426
786,1359,1019,764,582,430,1359,1019,764,582,430,1359,1019,764,582,430
787,1371,1028,771,588,434,1371,1028,771,588,434,1371,1028,771,588,434
788,1384,1038,779,593,438,1384,1038,779,593,438,1384,1038,779,593,438
789,1397,1048,786,599,442,1397,1048,786,599,442,1397,1048,786,599,442
790,1410,1058,793,604,446,1410,1058,793,604,446,1410,1058,793,604,446
791,1423,1067,800,610,450,1423,1067,800,610,450,1423,1067,800,610,450
792,1437,1078,808,616,455,1437,1078,808,616,455,1437,1078,808,616,455
793,1450,1088,816,621,459,1450,1088,816,621,459,1450,1088,816,621,459
794,1464,1098,824,627,463,1464,1098,824,627,463,1464,1098,824,627,463
795,1477,1108,831,633,467,1477,1108,831,633,467,1477,1108,831,633,467
796,1491,1118,839,639,472,1491,1118,839,639,472,1491,1118,839,639,472
797,1505,1129,847,645,476,1505,1129,847,645,476,1505,1129,847,645,476
798,1519,1139,854,651,481,1519,1139,854,651,481,1519,1139,854,651,481
799,1534,1151,863,657,485,1534,1151,863,657,485,1534,1151,863,657,485
800,1551,1163,872,664,490,1551,1163,872,664,490,1551,1163,872,664,490
801,1568,1176,882,671,495,1568,1176,882,671,495,1568,1176,882,671,495
802,1586,1190,892,680,501,1586,1190,892,680,501,1586,1190,892,680,501
803,1604,1203,903,687,508,1604,1203,903,687,508,1604,1203,903,687,508
804,1623,1217,913,695,513,1623,1217,913,695,513,1623,1217,913,695,513
805,1641,1231,922,703,519,1641,1231,922,703,519,1641,1231,922,703,519
806,1659,1245,933,711,525,1659,1245,933,711,525,1659,1245,933,711,525
807,1678,1258,943,719,531,1678,1258,943,719,531,1678,1258,943,719,531
808,1698,1273,954,727,537,1698,1273,954,727,537,1698,1273,954,727,537
809,1716,1287,965,735,543,1716,1287,965,735,543,1716,1287,965,735,543
810,1736,1302,977,744,549,1736,1302,977,744,549,1736,1302,977,744,549
811,1756,1316,988,752,556,1756,1316,988,752,556,1756,1316,988,752,556
812,1776,1331,999,761,562,1776,1331,999,761,562,1776,1331,999,761,562
813,1795,1346,1010,769,568,1795,1346,1010,769,568,1795,1346,1010,769,568
814,1816,1362,1021,778,574,1816,1362,1021,778,574,1816,1362,1021,778,574
815,1836,1377,1033,787,581,1836,1377,1033,787,581,1836,1377,1033,787,581
816,1858,1393,1045,796,588,1858,1393,1045,796,588,1858,1393,1045,796,588
817,1879,1409,1056,804,594,1879,1409,1056,804,594,1879,1409,1056,804,594
818,1900,1425,1069,814,601,1900,1425,1069,814,601,1900,1425,1069,814,601
819,1921,1441,1081,823,608,1921,1441,1081,823,608,1921,1441,1081,823,608
820,1943,1457,1093,832,614,1943,1457,1093,832,614,1943,1457,1093,832,614
821,1964,1474,1105,842,621,1964,1474,1105,842,621,1964,1474,1105,842,621
822,1987,1490,1118,851,628,1987,1490,1118,851,628,1987,1490,1118,851,628
823,2010,1508,1130,861,636,2010,1508,1130,861,636,2010,1508,1130,861,636
824,2032,1524,1143,871,643,2032,1524,1143,871,643,2032,1524,1143,871,643
825,2051,1539,1153,878,648,2051,1539,1153,878,648,2051,1539,1153,878,648
826,2070,1552,1164,887,655,2070,1552,1164,887,655,2070,1552,1164,887,655
827,2090,1567,1176,895,661,2090,1567,1176,895,661,2090,1567,1176,895,661
828,2109,1582,1186,904,667,2109,1582,1186,904,667,2109,1582,1186,904,667
829,2129,1597,1198,912,674,2129,1597,1198,912,674,2129,1597,1198,912,674
830,2149,1611,1208,920,680,2149,1611,1208,920,680,2149,1611,1208,920,680
831,2169,1627,1220,929,686,2169,1627,1220,929,686,2169,1627,1220,929,686
832,2190,1643,1231,938,693,2190,1643,1231,938,693,2190,1643,1231,938,693
833,2210,1657,1243,947,699,2210,1657,1243,947,699,2210,1657,1243,947,699
834,2231,1673,1254,956,705,2231,1673,1254,956,705,2231,1673,1254,956,705
835,2252,1689,1267,964,712,2252,1689,1267,964,712,2252,1689,1267,964,712
836,2273,1705,1278,974,719,2273,1705,1278,974,719,2273,1705,1278,974,719
837,2294,1720,1290,982,725,2294,1720,1290,982,725,2294,1720,1290,982,725
838,2316,1737,1303,992,732,2316,1737,1303,992,732,2316,1737,1303,992,732
839,2337,1753,1314,1001,739,2337,1753,1314,1001,739,2337,1753,1314,1001,739
840,2359,1769,1327,1011,746,2359,1769,1327,1011,746,2359,1769,1327,1011,746
841,2381,1786,1339,1020,753,2381,1786,1339,1020,753,2381,1786,1339,1020,753
842,2403,1802,1352,1030,760,2403,1802,1352,1030,760,2403,1802,1352,1030,760
843,2426,1819,1365,1039,767,2426,1819,1365,1039,767,2426,1819,1365,1039,767
844,2448,1836,1377,1048,774,2448,1836,1377,1048,774,2448,1836,1377,1048,774
845,2471,1854,1390,1059,782,2471,1854,1390,1059,782,2471,1854,1390,1059,782
846,2494,1871,1403,1068,789,2494,1871,1403,1068,789,2494,1871,1403,1068,789
847,2517,1888,1416,1079,796,2517,1888,1416,1079,796,2517,1888,1416,1079,796
848,2542,1906,1430,1089,804,2542,1906,1430,1089,804,2542,1906,1430,1089,804
849,2566,1924,1443,1099,811,2566,1924,1443,1099,811,2566,1924,1443,1099,811
850,2589,1942,1456,1109,819,2589,1942,1456,1109,819,2589,1942,1456,1109,819
851,2614,1961,1471,1120,827,2614,1961,1471,1120,827,2614,1961,1471,1120,827
852,2638,1979,1484,1130,834,2638,1979,1484,1130,834,2638,1979,1484,1130,834
853,2662,1997,1498,1141,842,2662,1997,1498,1141,842,2662,1997,1498,1141,842
854,2688,2016,1512,1151,850,2688,2016,1512,1151,850,2688,2016,1512,1151,850
855,2713,2034,1526,1162,858,2713,2034,1526,1162,858,2713,2034,1526,1162,858
856,2738,2053,1540,1173,866,2738,2053,1540,1173,866,2738,2053,1540,1173,866
857,2764,2073,1555,1184,874,2764,2073,1555,1184,874,2764,2073,1555,1184,874
858,2789,2092,1569,1195,883,2789,2092,1569,1195,883,2789,2092,1569,1195,883
859,2816,2112,1584,1206,891,2816,2112,1584,1206,891,2816,2112,1584,1206,891
860,2842,2131,1599,1218,899,2842,2131,1599,1218,899,2842,2131,1599,1218,899
861,2869,2152,1613,1229,908,2869,2152,1613,1229,908,2869,2152,1613,1229,908
862,2895,2172,1628,1241,916,2895,2172,1628,1241,916,2895,2172,1628,1241,916
863,2923,2192,1644,1252,925,2923,2192,1644,1252,925,2923,2192,1644,1252,925
864,2950,2213,1660,1264,933,2950,2213,1660,1264,933,2950,2213,1660,1264,933
865,2977,2233,1674,1275,941,2977,2233,1674,1275,941,2977,2233,1674,1275,941
866,3006,2254,1690,1288,951,3006,2254,1690,1288,951,3006,2254,1690,1288,951
867,3034,2276,1707,1300,959,3034,2276,1707,1300,959,3034,2276,1707,1300,959
868,3062,2297,1723,1312,969,3062,2297,1723,1312,969,3062,2297,1723,1312,969
869,3091,2318,1738,1325,978,3091,2318,1738,1325,978,3091,2318,1738,1325,978
870,3120,2340,1755,1337,987,3120,2340,1755,1337,987,3120,2340,1755,1337,987
871,3150,2362,1772,1350,996,3150,2362,1772,1350,996,3150,2362,1772,1350,996
872,3179,2384,1788,1362,1005,3179,2384,1788,1362,1005,3179,2384,1788,1362,1005
873,3208,2406,1804,1375,1015,3208,2406,1804,1375,1015,3208,2406,1804,1375,1015
874,3239,2429,1821,1388,1024,3239,2429,1821,1388,1024,3239,2429,1821,1388,1024
875,3268,2451,1838,1400,1034,3268,2451,1838,1400,1034,3268,2451,1838,1400,1034
876,3300,2474,1856,1414,1043,3300,2474,1856,1414,1043,3300,2474,1856,1414,1043
877,3330,2497,1873,1426,1054,3330,2497,1873,1426,1054,3330,2497,1873,1426,1054
878,3362,2522,1891,1440,1063,3362,2522,1891,1440,1063,3362,2522,1891,1440,1063
879,3393,2545,1908,1454,1074,3393,2545,1908,1454,1074,3393,2545,1908,1454,1074
880,3425,2569,1926,1467,1083,3425,2569,1926,1467,1083,3425,2569,1926,1467,1083
881,3456,2592,1944,1481,1094,3456,2592,1944,1481,1094,3456,2592,1944,1481,1094
882,3489,2616,1962,1495,1103,3489,2616,1962,1495,1103,3489,2616,1962,1495,1103
883,3521,2641,1981,1508,1114,3521,2641,1981,1508,1114,3521,2641,1981,1508,1114
884,3555,2667,2000,1523,1124,3555,2667,2000,1523,1124,3555,2667,2000,1523,1124
885,3587,2691,2018,1537,1135,3587,2691,2018,1537,1135,3587,2691,2018,1537,1135
886,3621,2716,2037,1551,1145,3621,2716,2037,1551,1145,3621,2716,2037,1551,1145
887,3656,2742,2056,1566,1157,3656,2742,2056,1566,1157,3656,2742,2056,1566,1157
888,3689,2767,2075,1581,1167,3689,2767,2075,1581,1167,3689,2767,2075,1581,1167
889,3724,2793,2094,1596,1178,3724,2793,2094,1596,1178,3724,2793,2094,1596,1178
890,3759,2819,2114,1610,1189,3759,2819,2114,1610,1189,3759,2819,2114,1610,1189
891,3794,2846,2134,1626,1200,3794,2846,2134,1626,1200,3794,2846,2134,1626,1200
892,3830,2872,2154,1641,1211,3830,2872,2154,1641,1211,3830,2872,2154,1641,1211
893,3866,2900,2174,1656,1223,3866,2900,2174,1656,1223,3866,2900,2174,1656,1223
894,3901,2926,2194,1672,1234,3901,2926,2194,1672,1234,3901,2926,2194,1672,1234
895,3938,2953,2215,1688,1246,3938,2953,2215,1688,1246,3938,2953,2215,1688,1246
896,3975,2982,2236,1704,1257,3975,2982,2236,1704,1257,3975,2982,2236,1704,1257
897,4013,3010,2257,1719,1269,4013,3010,2257,1719,1269,4013,3010,2257,1719,1269
898,4050,3038,2278,1735,1282,4050,3038,2278,1735,1282,4050,3038,2278,1735,1282
899,4088,3067,2299,1752,1293,4088,3067,2299,1752,1293,4088,3067,2299,1752,1293
900,4126,3095,2321,1768,1305,4126,3095,2321,1768,1305,4126,3095,2321,1768,1305
901,4165,3123,2342,1785,1317,4165,3123,2342,1785,1317,4165,3123,2342,1785,1317
902,4204,3153,2364,1801,1330,4204,3153,2364,1801,1330,4204,3153,2364,1801,1330
903,4244,3183,2387,1818,1342,4244,3183,2387,1818,1342,4244,3183,2387,1818,1342
904,4282,3211,2408,1835,1355,4282,3211,2408,1835,1355,4282,3211,2408,1835,1355
905,4323,3243,2431,1853,1368,4323,3243,2431,1853,1368,4323,3243,2431,1853,1368
906,4363,3272,2454,1870,1380,4363,3272,2454,1870,1380,4363,3272,2454,1870,1380
907,4404,3303,2478,1887,1393,4404,3303,2478,1887,1393,4404,3303,2478,1887,1393
908,4445,3334,2501,1905,1407,4445,3334,2501,1905,1407,4445,3334,2501,1905,1407
909,4487,3366,2524,1923,1419,4487,3366,2524,1923,1419,4487,3366,2524,1923,1419
910,4529,3397,2548,1941,1433,4529,3397,2548,1941,1433,4529,3397,2548,1941,1433
911,4571,3429,2571,1959,1446,4571,3429,2571,1959,1446,4571,3429,2571,1959,1446
912,4614,3460,2595,1978,1460,4614,3460,2595,1978,1460,4614,3460,2595,1978,1460
913,4657,3493,2619,1996,1474,4657,3493,2619,1996,1474,4657,3493,2619,1996,1474
914,4701,3526,2644,2014,1487,4701,3526,2644,2014,1487,4701,3526,2644,2014,1487
915,4746,3559,2670,2033,1501,4746,3559,2670,2033,1501,4746,3559,2670,2033,1501
916,4790,3593,2694,2052,1515,4790,3593,2694,2052,1515,4790,3593,2694,2052,1515
917,4835,3626,2719,2072,1529,4835,3626,2719,2072,1529,4835,3626,2719,2072,1529
918,4880,3660,2745,2091,1544,4880,3660,2745,2091,1544,4880,3660,2745,2091,1544
919,4925,3693,2770,2110,1558,4925,3693,2770,2110,1558,4925,3693,2770,2110,1558
920,4971,3728,2796,2130,1572,4971,3728,2796,2130,1572,4971,3728,2796,2130,1572
921,5017,3763,2822,2150,1587,5017,3763,2822,2150,1587,5017,3763,2822,2150,1587
922,5065,3798,2849,2170,1602,5065,3798,2849,2170,1602,5065,3798,2849,2170,1602
923,5112,3834,2875,2191,1618,5112,3834,2875,2191,1618,5112,3834,2875,2191,1618
924,5160,3870,2903,2211,1632,5160,3870,2903,2211,1632,5160,3870,2903,2211,1632
925,5209,3907,2930,2232,1648,5209,3907,2930,2232,1648,5209,3907,2930,2232,1648
926,5257,3942,2956,2253,1663,5257,3942,2956,2253,1663,5257,3942,2956,2253,1663
927,5306,3980,2985,2274,1678,5306,3980,2985,2274,1678,5306,3980,2985,2274,1678
928,5357,4018,3013,2296,1694,5357,4018,3013,2296,1694,5357,4018,3013,2296,1694
929,5406,4055,3040,2317,1710,5406,4055,3040,2317,1710,5406,4055,3040,2317,1710
930,5457,4093,3070,2339,1727,5457,4093,3070,2339,1727,5457,4093,3070,2339,1727
931,5508,4131,3098,2360,1743,5508,4131,3098,2360,1743,5508,4131,3098,2360,1743
932,5559,4169,3126,2382,1758,5559,4169,3126,2382,1758,5559,4169,3126,2382,1758
933,5612,4209,3157,2405,1775,5612,4209,3157,2405,1775,5612,4209,3157,2405,1775
934,5664,4248,3186,2427,1792,5664,4248,3186,2427,1792,5664,4248,3186,2427,1792
935,5717,4288,3216,2450,1809,5717,4288,3216,2450,1809,5717,4288,3216,2450,1809
936,5770,4328,3246,2472,1825,5770,4328,3246,2472,1825,5770,4328,3246,2472,1825
937,5825,4369,3277,2496,1842,5825,4369,3277,2496,1842,5825,4369,3277,2496,1842
938,5880,4410,3307,2520,1860,5880,4410,3307,2520,1860,5880,4410,3307,2520,1860
939,5934,4450,3337,2543,1877,5934,4450,3337,2543,1877,5934,4450,3337,2543,1877
940,5990,4492,3369,2567,1895,5990,4492,3369,2567,1895,5990,4492,3369,2567,1895
941,6046,4534,3400,2591,1913,6046,4534,3400,2591,1913,6046,4534,3400,2591,1913
942,6102,4576,3432,2615,1930,6102,4576,3432,2615,1930,6102,4576,3432,2615,1930
943,6160,4620,3465,2639,1948,6160,4620,3465,2639,1948,6160,4620,3465,2639,1948
944,6218,4664,3497,2664,1967,6218,4664,3497,2664,1967,6218,4664,3497,2664,1967
945,6275,4707,3530,2690,1985,6275,4707,3530,2690,1985,6275,4707,3530,2690,1985
946,6334,4751,3563,2715,2004,6334,4751,3563,2715,2004,6334,4751,3563,2715,2004
947,6394,4796,3597,2740,2023,6394,4796,3597,2740,2023,6394,4796,3597,2740,2023
948,6454,4840,3630,2765,2042,6454,4840,3630,2765,2042,6454,4840,3630,2765,2042
949,6514,4885,3664,2791,2061,6514,4885,3664,2791,2061,6514,4885,3664,2791,2061
950,6575,4931,3698,2818,2080,6575,4931,3698,2818,2080,6575,4931,3698,2818,2080
951,6637,4978,3733,2844,2100,6637,4978,3733,2844,2100,6637,4978,3733,2844,2100
952,6699,5024,3768,2870,2119,6699,5024,3768,2870,2119,6699,5024,3768,2870,2119
953,6762,5071,3804,2898,2139,6762,5071,3804,2898,2139,6762,5071,3804,2898,2139
954,6825,5118,3838,2925,2159,6825,5118,3838,2925,2159,6825,5118,3838,2925,2159
955,6889,5167,3875,2952,2179,6889,5167,3875,2952,2179,6889,5167,3875,2952,2179
956,6953,5215,3911,2979,2199,6953,5215,3911,2979,2199,6953,5215,3911,2979,2199
957,7018,5263,3948,3008,2220,7018,5263,3948,3008,2220,7018,5263,3948,3008,2220
958,7084,5313,3984,3036,2241,7084,5313,3984,3036,2241,7084,5313,3984,3036,2241
959,7150,5363,4022,3064,2262,7150,5363,4022,3064,2262,7150,5363,4022,3064,2262
960,7217,5413,4060,3093,2283,7217,5413,4060,3093,2283,7217,5413,4060,3093,2283
961,7284,5464,4098,3121,2304,7284,5464,4098,3121,2304,7284,5464,4098,3121,2304
962,7353,5514,4135,3151,2326,7353,5514,4135,3151,2326,7353,5514,4135,3151,2326
963,7422,5567,4174,3181,2348,7422,5567,4174,3181,2348,7422,5567,4174,3181,2348
964,7491,5618,4213,3210,2370,7491,5618,4213,3210,2370,7491,5618,4213,3210,2370
965,7562,5672,4253,3241,2392,7562,5672,4253,3241,2392,7562,5672,4253,3241,2392
966,7632,5724,4293,3270,2415,7632,5724,4293,3270,2415,7632,5724,4293,3270,2415
967,7703,5778,4333,3301,2437,7703,5778,4333,3301,2437,7703,5778,4333,3301,2437
968,7776,5832,4374,3332,2460,7776,5832,4374,3332,2460,7776,5832,4374,3332,2460
969,7848,5886,4415,3364,2483,7848,5886,4415,3364,2483,7848,5886,4415,3364,2483
970,7922,5941,4456,3395,2506,7922,5941,4456,3395,2506,7922,5941,4456,3395,2506
971,7996,5997,4498,3427,2530,7996,5997,4498,3427,2530,7996,5997,4498,3427,2530
972,8071,6053,4540,3458,2553,8071,6053,4540,3458,2553,8071,6053,4540,3458,2553
973,8146,6109,4582,3491,2577,8146,6109,4582,3491,2577,8146,6109,4582,3491,2577
974,8223,6167,4626,3524,2601,8223,6167,4626,3524,2601,8223,6167,4626,3524,2601
975,8300,6225,4669,3557,2626,8300,6225,4669,3557,2626,8300,6225,4669,3557,2626
976,8377,6283,4712,3591,2651,8377,6283,4712,3591,2651,8377,6283,4712,3591,2651
977,8456,6343,4756,3624,2675,8456,6343,4756,3624,2675,8456,6343,4756,3624,2675
978,8535,6401,4801,3658,2700,8535,6401,4801,3658,2700,8535,6401,4801,3658,2700
979,8615,6461,4845,3691,2725,8615,6461,4845,3691,2725,8615,6461,4845,3691,2725
980,8696,6522,4891,3726,2751,8696,6522,4891,3726,2751,8696,6522,4891,3726,2751
981,8776,6582,4937,3761,2777,8776,6582,4937,3761,2777,8776,6582,4937,3761,2777
982,8859,6645,4983,3796,2803,8859,6645,4983,3796,2803,8859,6645,4983,3796,2803
983,8942,6707,5030,3832,2829,8942,6707,5030,3832,2829,8942,6707,5030,3832,2829
984,9025,6769,5076,3868,2856,9025,6769,5076,3868,2856,9025,6769,5076,3868,2856
985,9110,6833,5125,3904,2882,9110,6833,5125,3904,2882,9110,6833,5125,3904,2882
986,9195,6897,5172,3940,2909,9195,6897,5172,3940,2909,9195,6897,5172,3940,2909
987,9282,6961,5221,3978,2936,9282,6961,5221,3978,2936,9282,6961,5221,3978,2936
988,9369,7026,5269,4015,2964,9369,7026,5269,4015,2964,9369,7026,5269,4015,2964
989,9456,7092,5319,4053,2992,9456,7092,5319,4053,2992,9456,7092,5319,4053,2992
990,9545,7158,5369,4090,3019,9545,7158,5369,4090,3019,9545,7158,5369,4090,3019
991,9634,7226,5420,4129,3048,9634,7226,5420,4129,3048,9634,7226,5420,4129,3048
992,9725,7294,5470,4167,3077,9725,7294,5470,4167,3077,9725,7294,5470,4167,3077
993,9815,7361,5520,4206,3105,9815,7361,5520,4206,3105,9815,7361,5520,4206,3105
994,9907,7430,5573,4246,3135,9907,7430,5573,4246,3135,9907,7430,5573,4246,3135
995,10000,7500,5624,4286,3163,10000,7500,5624,4286,3163,10000,7500,5624,4286,3163
996,10093,7570,5677,4326,3194,10093,7570,5677,4326,3194,10093,7570,5677,4326,3194
997,10188,7640,5730,4365,3223,10188,7640,5730,4365,3223,10188,7640,5730,4365,3223
998,10283,7713,5784,4406,3253,10283,7713,5784,4406,3253,10283,7713,5784,4406,3253
999,10380,7785,5839,4448,3284,10380,7785,5839,4448,3284,10380,7785,5839,4448,3284
1000,10476,7858,5893,4489,3314,10476,7858,5893,4489,3314,10476,7858,5893,4489,3314
1001,10574,7931,5948,4531,3345,10574,7931,5948,4531,3345,10574,7931,5948,4531,3345
1002,10673,8005,6004,4573,3376,10673,8005,6004,4573,3376,10673,8005,6004,4573,3376
1003,10773,8080,6060,4616,3408,10773,8080,6060,4616,3408,10773,8080,6060,4616,3408
1004,10874,8156,6117,4660,3440,10874,8156,6117,4660,3440,10874,8156,6117,4660,3440
1005,10976,8232,6174,4703,3472,10976,8232,6174,4703,3472,10976,8232,6174,4703,3472
1006,11079,8309,6232,4747,3505,11079,8309,6232,4747,3505,11079,8309,6232,4747,3505
1007,11182,8387,6290,4792,3537,11182,8387,6290,4792,3537,11182,8387,6290,4792,3537
1008,11287,8465,6349,4836,3571,11287,8465,6349,4836,3571,11287,8465,6349,4836,3571
1009,11393,8544,6408,4882,3604,11393,8544,6408,4882,3604,11393,8544,6408,4882,3604
1010,11499,8624,6468,4927,3638,11499,8624,6468,4927,3638,11499,8624,6468,4927,3638
1011,11607,8705,6529,4974,3672,11607,8705,6529,4974,3672,11607,8705,6529,4974,3672
1012,11716,8787,6590,5020,3706,11716,8787,6590,5020,3706,11716,8787,6590,5020,3706
1013,11825,8869,6652,5067,3741,11825,8869,6652,5067,3741,11825,8869,6652,5067,3741
1014,11936,8952,6714,5115,3776,11936,8952,6714,5115,3776,11936,8952,6714,5115,3776
1015,12048,9036,6777,5162,3811,12048,9036,6777,5162,3811,12048,9036,6777,5162,3811
1016,12160,9120,6840,5211,3847,12160,9120,6840,5211,3847,12160,9120,6840,5211,3847
1017,12274,9206,6904,5260,3883,12274,9206,6904,5260,3883,12274,9206,6904,5260,3883
1018,12389,9292,6969,5309,3919,12389,9292,6969,5309,3919,12389,9292,6969,5309,3919
1019,12505,9379,7034,5358,3956,12505,9379,7034,5358,3956,12505,9379,7034,5358,3956
1020,12622,9467,7100,5409,3993,12622,9467,7100,5409,3993,12622,9467,7100,5409,3993
1021,12740,9555,7166,5459,4030,12740,9555,7166,5459,4030,12740,9555,7166,5459,4030
1022,12860,9645,7234,5510,4068,12860,9645,7234,5510,4068,12860,9645,7234,5510,4068
1023,12980,9735,7301,5562,4106,12980,9735,7301,5562,4106,12980,9735,7301,5562,4106
1024,13102,9826,7370,5614,4145,13102,9826,7370,5614,4145,13102,9826,7370,5614,4145
1025,13224,9918,7439,5667,4183,13224,9918,7439,5667,4183,13224,9918,7439,5667,4183
1026,13348,10011,7508,5720,4223,13348,10011,7508,5720,4223,13348,10011,7508,5720,4223
1027,13473,10105,7578,5773,4262,13473,10105,7578,5773,4262,13473,10105,7578,5773,4262
1028,13599,10199,7649,5827,4302,13599,10199,7649,5827,4302,13599,10199,7649,5827,4302
1029,13726,10295,7721,5882,4342,13726,10295,7721,5882,4342,13726,10295,7721,5882,4342
1030,13855,10391,7793,5937,4383,13855,10391,7793,5937,4383,13855,10391,7793,5937,4383
1031,13984,10488,7866,5992,4424,13984,10488,7866,5992,4424,13984,10488,7866,5992,4424
1032,14115,10587,7940,6048,4465,14115,10587,7940,6048,4465,14115,10587,7940,6048,4465
1033,14248,10686,8014,6105,4507,14248,10686,8014,6105,4507,14248,10686,8014,6105,4507
1034,14381,10786,8089,6162,4549,14381,10786,8089,6162,4549,14381,10786,8089,6162,4549
1035,14516,10887,8165,6220,4592,14516,10887,8165,6220,4592,14516,10887,8165,6220,4592
1036,14651,10989,8241,6278,4635,14651,10989,8241,6278,4635,14651,10989,8241,6278,4635
1037,14789,11091,8319,6337,4678,14789,11091,8319,6337,4678,14789,11091,8319,6337,4678
1038,14927,11195,8396,6396,4722,14927,11195,8396,6396,4722,14927,11195,8396,6396,4722
1039,15067,11300,8475,6456,4766,15067,11300,8475,6456,4766,15067,11300,8475,6456,4766
1040,15208,11406,8554,6517,4811,15208,11406,8554,6517,4811,15208,11406,8554,6517,4811
1041,15350,11513,8634,6578,4856,15350,11513,8634,6578,4856,15350,11513,8634,6578,4856
1042,15494,11620,8715,6639,4901,15494,11620,8715,6639,4901,15494,11620,8715,6639,4901
1043,15639,11729,8797,6701,4947,15639,11729,8797,6701,4947,15639,11729,8797,6701,4947
1044,15785,11839,8879,6764,4994,15785,11839,8879,6764,4994,15785,11839,8879,6764,4994
1045,15933,11950,8962,6827,5040,15933,11950,8962,6827,5040,15933,11950,8962,6827,5040
1046,16082,12062,9046,6891,5087,16082,12062,9046,6891,5087,16082,12062,9046,6891,5087
1047,16233,12175,9131,6956,5135,16233,12175,9131,6956,5135,16233,12175,9131,6956,5135
1048,16385,12289,9216,7021,5183,16385,12289,9216,7021,5183,16385,12289,9216,7021,5183
1049,16538,12404,9303,7087,5232,16538,12404,9303,7087,5232,16538,12404,9303,7087,5232
1050,16693,12520,9390,7153,5281,16693,12520,9390,7153,5281,16693,12520,9390,7153,5281
1051,16849,12637,9478,7220,5330,16849,12637,9478,7220,5330,16849,12637,9478,7220,5330
1052,17007,12755,9566,7287,5380,17007,12755,9566,7287,5380,17007,12755,9566,7287,5380
1053,17166,12875,9656,7356,5430,17166,12875,9656,7356,5430,17166,12875,9656,7356,5430
1054,17327,12995,9746,7425,5481,17327,12995,9746,7425,5481,17327,12995,9746,7425,5481
1055,17489,13117,9838,7494,5532,17489,13117,9838,7494,5532,17489,13117,9838,7494,5532
1056,17653,13239,9930,7564,5584,17653,13239,9930,7564,5584,17653,13239,9930,7564,5584
1057,17818,13363,10023,7635,5637,17818,13363,10023,7635,5637,17818,13363,10023,7635,5637
1058,17985,13489,10116,7706,5689,17985,13489,10116,7706,5689,17985,13489,10116,7706,5689
1059,18153,13615,10211,7779,5743,18153,13615,10211,7779,5743,18153,13615,10211,7779,5743
1060,18323,13742,10307,7851,5796,18323,13742,10307,7851,5796,18323,13742,10307,7851,5796
1061,18494,13871,10403,7925,5851,18494,13871,10403,7925,5851,18494,13871,10403,7925,5851
1062,18668,14001,10501,7999,5905,18668,14001,10501,7999,5905,18668,14001,10501,7999,5905
1063,18842,14132,10599,8074,5961,18842,14132,10599,8074,5961,18842,14132,10599,8074,5961
1064,19019,14264,10698,8150,6016,19019,14264,10698,8150,6016,19019,14264,10698,8150,6016
1065,19197,14398,10798,8226,6073,19197,14398,10798,8226,6073,19197,14398,10798,8226,6073
1066,19376,14532,10899,8303,6130,19376,14532,10899,8303,6130,19376,14532,10899,8303,6130
1067,19558,14668,11001,8381,6187,19558,14668,11001,8381,6187,19558,14668,11001,8381,6187
1068,19741,14806,11104,8459,6245,19741,14806,11104,8459,6245,19741,14806,11104,8459,6245
1069,19926,14944,11208,8538,6303,19926,14944,11208,8538,6303,19926,14944,11208,8538,6303
1070,20112,15084,11313,8618,6362,20112,15084,11313,8618,6362,20112,15084,11313,8618,6362
1071,20301,15225,11419,8699,6422,20301,15225,11419,8699,6422,20301,15225,11419,8699,6422
1072,20491,15368,11526,8780,6482,20491,15368,11526,8780,6482,20491,15368,11526,8780,6482
1073,20682,15512,11634,8862,6543,20682,15512,11634,8862,6543,20682,15512,11634,8862,6543
1074,20876,15657,11743,8945,6604,20876,15657,11743,8945,6604,20876,15657,11743,8945,6604
1075,21071,15804,11853,9029,6666,21071,15804,11853,9029,6666,21071,15804,11853,9029,6666
1076,21269,15952,11964,9114,6728,21269,15952,11964,9114,6728,21269,15952,11964,9114,6728
1077,21468,16101,12076,9199,6791,21468,16101,12076,9199,6791,21468,16101,12076,9199,6791
1078,21669,16252,12189,9285,6855,21669,16252,12189,9285,6855,21669,16252,12189,9285,6855
1079,21872,16404,12303,9372,6919,21872,16404,12303,9372,6919,21872,16404,12303,9372,6919
1080,22076,16557,12418,9460,6984,22076,16557,12418,9460,6984,22076,16557,12418,9460,6984
1081,22283,16712,12534,9548,7049,22283,16712,12534,9548,7049,22283,16712,12534,9548,7049
1082,22492,16869,12651,9638,7115,22492,16869,12651,9638,7115,22492,16869,12651,9638,7115
1083,22702,17027,12770,9728,7182,22702,17027,12770,9728,7182,22702,17027,12770,9728,7182
1084,22915,17186,12889,9819,7249,22915,17186,12889,9819,7249,22915,17186,12889,9819,7249
1085,23129,17347,13010,9911,7317,23129,17347,13010,9911,7317,23129,17347,13010,9911,7317
1086,23346,17509,13132,10004,7385,23346,17509,13132,10004,7385,23346,17509,13132,10004,7385
1087,23564,17673,13255,10097,7454,23564,17673,13255,10097,7454,23564,17673,13255,10097,7454
1088,23785,17839,13379,10192,7524,23785,17839,13379,10192,7524,23785,17839,13379,10192,7524
1089,24007,18006,13504,10287,7595,24007,18006,13504,10287,7595,24007,18006,13504,10287,7595
1090,24232,18174,13631,10383,7666,24232,18174,13631,10383,7666,24232,18174,13631,10383,7666
1091,24459,18344,13758,10481,7737,24459,18344,13758,10481,7737,24459,18344,13758,10481,7737
1092,24688,18516,13887,10579,7810,24688,18516,13887,10579,7810,24688,18516,13887,10579,7810
1093,24919,18689,14017,10678,7883,24919,18689,14017,10678,7883,24919,18689,14017,10678,7883
1094,25152,18864,14148,10778,7957,25152,18864,14148,10778,7957,25152,18864,14148,10778,7957
1095,25388,19041,14281,10879,8031,25388,19041,14281,10879,8031,25388,19041,14281,10879,8031
1096,25625,19219,14414,10980,8106,25625,19219,14414,10980,8106,25625,19219,14414,10980,8106
1097,25865,19399,14549,11083,8182,25865,19399,14549,11083,8182,25865,19399,14549,11083,8182
1098,26107,19581,14685,11187,8259,26107,19581,14685,11187,8259,26107,19581,14685,11187,8259
1099,26352,19764,14823,11292,8336,26352,19764,14823,11292,8336,26352,19764,14823,11292,8336
1100,26598,19949,14962,11397,8414,26598,19949,14962,11397,8414,26598,19949,14962,11397,8414
2,0,0,0,0,0,0,0,0,0,0,0,0,0,0,0
3,0,0,0,0,0,0,0,0,0,0,0,0,0,0,0
4,0,0,0,0,0,0,0,0,0,0,0,0,0,0,0
5,0,0,0,0,0,0,0,0,0,0,0,0,0,0,0
6,0,0,0,0,0,0,0,0,0,0,0,0,0,0,0
7,0,0,0,0,0,0,0,0,0,0,0,0,0,0,0
8,0,0,0,0,0,0,0,0,0,0,0,0,0,0,0
9,0,0,0,0,0,0,0,0,0,0,0,0,0,0,0
12,10,8,6,4,3,6,5,3,3,2,2,2,1,1,1
14,11,8,6,5,3,7,5,4,3,2,3,2,2,1,1
16,12,9,7,5,4,8,6,5,3,3,4,3,2,2,1
18,13,10,7,5,4,9,7,5,4,3,5,4,3,2,2
20,14,11,8,6,4,10,8,6,4,3,6,5,3,3,2
22,15,11,8,6,5,11,8,6,5,3,7,5,4,3,2
24,16,12,9,7,5,12,9,7,5,4,8,6,5,3,3
26,17,13,10,7,5,13,10,7,6,4,9,7,5,4,3
28,18,14,10,8,6,14,11,8,6,4,10,8,6,4,3
30,19,14,11,8,6,15,11,8,6,5,11,8,6,5,3
32,20,15,11,8,6,16,12,9,7,5,12,9,7,5,4
34,21,16,12,9,7,17,13,10,7,5,13,10,7,5,4
36,22,17,12,9,7,18,14,10,8,6,14,11,8,6,4
38,23,17,13,10,7,19,14,11,8,6,15,11,8,6,5
40,24,18,14,10,8,20,15,11,9,6,16,12,9,7,5
42,25,19,14,11,8,21,16,12,9,7,17,13,10,7,5
44,26,20,15,11,8,22,17,12,9,7,18,14,10,8,6
46,27,20,15,11,9,23,17,13,10,7,19,14,11,8,6
48,28,21,16,12,9,24,18,14,10,8,20,15,11,8,6
50,29,22,16,12,9,25,19,14,11,8,21,16,12,9,7
52,30,23,17,13,9,26,20,15,11,8,22,17,12,9,7
54,31,23,17,13,10,27,20,15,12,9,23,17,13,10,7
56,32,24,18,14,10,28,21,16,12,9,24,18,14,10,8
58,33,25,19,14,10,29,22,16,12,9,25,19,14,11,8
60,34,26,19,14,11,30,23,17,13,9,26,20,15,11,8
62,35,26,20,15,11,31,23,17,13,10,27,20,15,11,9
64,36,27,20,15,11,32,24,18,14,10,28,21,16,12,9
67,37,28,21,16,12,32,24,18,14,10,29,22,16,12,9
68,37,28,21,16,12,32,24,18,14,10,29,22,16,12,9
69,37,28,21,16,12,32,24,18,14,10,29,22,16,12,9
70,37,28,21,16,12,32,24,18,14,10,29,22,16,12,9
71,37,28,21,16,12,32,24,18,14,10,29,22,16,12,9
72,37,28,21,16,12,32,24,18,14,10,29,22,16,12,9
73,37,28,21,16,12,32,24,18,14,10,29,22,16,12,9
74,37,28,21,16,12,32,24,18,14,10,29,22,16,12,9
75,37,28,21,16,12,32,24,18,14,10,29,22,16,12,9
76,37,28,21,16,12,32,24,18,14,10,29,22,16,12,9
77,37,28,21,16,12,32,24,18,14,10,29,22,16,12,9
78,37,28,21,16,12,32,24,18,14,10,29,22,16,12,9
79,37,28,21,16,12,32,24,18,14,10,29,22,16,12,9
80,37,28,21,16,12,32,24,18,14,10,29,22,16,12,9
81,37,28,21,16,12,32,24,18,14,10,29,22,16,12,9
82,37,28,21,16,12,32,24,18,14,10,29,22,16,12,9
83,37,28,21,16,12,32,24,18,14,10,29,22,16,12,9
84,37,28,21,16,12,32,24,18,14,10,29,22,16,12,9
87,37,28,21,16,12,34,26,19,15,11,29,22,16,12,9
90,37,28,21,16,12,36,27,20,15,11,29,22,16,12,9
95,38,29,21,16,12,39,29,22,17,12,32,24,18,14,10
102,41,31,23,17,13,40,30,23,17,13,35,26,20,15,11
106,43,32,24,18,14,41,31,23,18,13,36,27,20,15,11
108,44,33,25,19,14,41,31,23,18,13,36,27,20,15,11
109,44,33,25,19,14,41,31,23,18,13,36,27,20,15,11
116,47,35,26,20,15,43,32,24,18,14,37,28,21,16,12
117,47,35,26,20,15,43,32,24,18,14,37,28,21,16,12
118,47,35,26,20,15,43,32,24,18,14,37,28,21,16,12
119,47,35,26,20,15,43,32,24,18,14,37,28,21,16,12
120,47,35,26,20,15,43,32,24,18,14,37,28,21,16,12
122,47,35,26,20,15,43,32,24,18,14,38,29,21,16,12
123,47,35,26,20,15,43,32,24,18,14,38,29,21,16,12
124,47,35,26,20,15,43,32,24,18,14,38,29,21,16,12
125,47,35,26,20,15,43,32,24,18,14,38,29,21,16,12
126,47,35,26,20,15,43,32,24,18,14,38,29,21,16,12
127,47,35,26,20,15,43,32,24,18,14,38,29,21,16,12
128,47,35,26,20,15,43,32,24,18,14,38,29,21,16,12
129,47,35,26,20,15,43,32,24,18,14,38,29,21,16,12
130,47,35,26,20,15,43,32,24,18,14,38,29,21,16,12
131,47,35,26,20,15,43,32,24,18,14,38,29,21,16,12
132,47,35,26,20,15,43,32,24,18,14,38,29,21,16,12
133,47,35,26,20,15,43,32,24,18,14,38,29,21,16,12
134,47,35,26,20,15,43,32,24,18,14,38,29,21,16,12
135,47,35,26,20,15,43,32,24,18,14,38,29,21,16,12
136,47,35,26,20,15,43,32,24,18,14,38,29,21,16,12
137,47,35,26,20,15,43,32,24,18,14,38,29,21,16,12
140,47,35,26,20,15,44,33,25,19,14,39,29,22,16,12
141,47,35,26,20,15,44,33,25,19,14,39,29,22,16,12
142,47,35,26,20,15,44,33,25,19,14,39,29,22,16,12
144,47,35,26,20,15,44,33,25,19,14,40,30,23,17,13
145,47,35,26,20,15,44,33,25,19,14,40,30,23,17,13
147,47,35,26,20,15,44,33,25,19,14,41,31,23,17,13
149,47,35,26,20,15,44,33,25,19,14,42,32,24,18,13
151,47,35,26,20,15,44,33,25,19,14,43,32,24,18,14
153,47,35,26,20,15,44,33,25,19,14,44,33,25,19,14
155,47,35,26,20,15,44,33,25,19,14,45,34,25,19,14
156,47,35,26,20,15,44,33,25,19,14,45,34,25,19,14
157,47,35,26,20,15,44,33,25,19,14,45,34,25,19,14
158,47,35,26,20,15,44,33,25,19,14,45,34,25,19,14
160,47,35,26,20,15,45,34,25,19,14,45,34,25,19,14
164,47,35,26,20,15,47,35,26,20,15,46,35,26,19,15
168,48,36,27,20,15,49,37,28,21,16,46,35,26,19,15
169,48,36,27,20,15,49,37,28,21,16,46,35,26,19,15
171,48,36,27,20,15,49,37,28,21,16,47,35,26,20,15
172,48,36,27,20,15,49,37,28,21,16,47,35,26,20,15
174,49,37,28,21,16,49,37,28,21,16,47,35,26,20,15
176,49,37,28,21,16,50,38,28,21,16,47,35,26,20,15
177,49,37,28,21,16,50,38,28,21,16,47,35,26,20,15
178,49,37,28,21,16,50,38,28,21,16,47,35,26,20,15
179,49,37,28,21,16,50,38,28,21,16,47,35,26,20,15
181,50,38,28,21,16,50,38,28,21,16,47,35,26,20,15
182,50,38,28,21,16,50,38,28,21,16,47,35,26,20,15
184,50,38,28,21,16,51,38,29,22,16,47,35,26,20,15
185,50,38,28,21,16,51,38,29,22,16,47,35,26,20,15
186,50,38,28,21,16,51,38,29,22,16,47,35,26,20,15
188,51,38,29,22,16,51,38,29,22,16,47,35,26,20,15
189,51,38,29,22,16,51,38,29,22,16,47,35,26,20,15
190,51,38,29,22,16,51,38,29,22,16,47,35,26,20,15
191,51,38,29,22,16,51,38,29,22,16,47,35,26,20,15
192,51,38,29,22,16,51,38,29,22,16,47,35,26,20,15
193,51,38,29,22,16,51,38,29,22,16,47,35,26,20,15
195,52,39,29,22,16,51,38,29,22,16,47,35,26,20,15
196,52,39,29,22,16,51,38,29,22,16,47,35,26,20,15
197,52,39,29,22,16,51,38,29,22,16,47,35,26,20,15
198,52,39,29,22,16,51,38,29,22,16,47,35,26,20,15
199,52,39,29,22,16,51,38,29,22,16,47,35,26,20,15
202,53,40,30,22,17,52,39,29,22,16,47,35,26,20,15
203,53,40,30,22,17,52,39,29,22,16,47,35,26,20,15
204,53,40,30,22,17,52,39,29,22,16,47,35,26,20,15
205,53,40,30,22,17,52,39,29,22,16,47,35,26,20,15
206,53,40,30,22,17,52,39,29,22,16,47,35,26,20,15
208,54,41,30,23,17,52,39,29,22,16,47,35,26,20,15
209,54,41,30,23,17,52,39,29,22,16,47,35,26,20,15
210,54,41,30,23,17,52,39,29,22,16,47,35,26,20,15
211,54,41,30,23,17,52,39,29,22,16,47,35,26,20,15
212,54,41,30,23,17,52,39,29,22,16,47,35,26,20,15
214,55,41,31,23,17,52,39,29,22,16,47,35,26,20,15
215,55,41,31,23,17,52,39,29,22,16,47,35,26,20,15
216,55,41,31,23,17,52,39,29,22,16,47,35,26,20,15
217,55,41,31,23,17,52,39,29,22,16,47,35,26,20,15
218,55,41,31,23,17,52,39,29,22,16,47,35,26,20,15
219,55,41,31,23,17,52,39,29,22,16,47,35,26,20,15
220,55,41,31,23,17,52,39,29,22,16,47,35,26,20,15
221,55,41,31,23,17,52,39,29,22,16,47,35,26,20,15
222,55,41,31,23,17,52,39,29,22,16,47,35,26,20,15
223,55,41,31,23,17,52,39,29,22,16,47,35,26,20,15
224,55,41,31,23,17,52,39,29,22,16,47,35,26,20,15
225,55,41,31,23,17,52,39,29,22,16,47,35,26,20,15
226,55,41,31,23,17,52,39,29,22,16,47,35,26,20,15
227,55,41,31,23,17,52,39,29,22,16,47,35,26,20,15
228,55,41,31,23,17,52,39,29,22,16,47,35,26,20,15
229,55,41,31,23,17,52,39,29,22,16,47,35,26,20,15
230,55,41,31,23,17,52,39,29,22,16,47,35,26,20,15
231,55,41,31,23,17,52,39,29,22,16,47,35,26,20,15
232,55,41,31,23,17,52,39,29,22,16,47,35,26,20,15
233,55,41,31,23,17,52,39,29,22,16,47,35,26,20,15
234,55,41,31,23,17,52,39,29,22,16,47,35,26,20,15
235,55,41,31,23,17,52,39,29,22,16,47,35,26,20,15
236,55,41,31,23,17,52,39,29,22,16,47,35,26,20,15
237,55,41,31,23,17,52,39,29,22,16,47,35,26,20,15
238,55,41,31,23,17,52,39,29,22,16,47,35,26,20,15
239,55,41,31,23,17,52,39,29,22,16,47,35,26,20,15
240,55,41,31,23,17,52,39,29,22,16,47,35,26,20,15
241,55,41,31,23,17,52,39,29,22,16,47,35,26,20,15
242,55,41,31,23,17,52,39,29,22,16,47,35,26,20,15
243,55,41,31,23,17,52,39,29,22,16,47,35,26,20,15
244,55,41,31,23,17,52,39,29,22,16,47,35,26,20,15
245,55,41,31,23,17,52,39,29,22,16,47,35,26,20,15
246,55,41,31,23,17,52,39,29,22,16,47,35,26,20,15
247,55,41,31,23,17,52,39,29,22,16,47,35,26,20,15
248,55,41,31,23,17,52,39,29,22,16,47,35,26,20,15
249,55,41,31,23,17,52,39,29,22,16,47,35,26,20,15
250,55,41,31,23,17,52,39,29,22,16,47,35,26,20,15
251,55,41,31,23,17,52,39,29,22,16,47,35,26,20,15
252,55,41,31,23,17,52,39,29,22,16,47,35,26,20,15
253,55,41,31,23,17,52,39,29,22,16,47,35,26,20,15
254,55,41,31,23,17,52,39,29,22,16,47,35,26,20,15
255,55,41,31,23,17,52,39,29,22,16,47,35,26,20,15
256,55,41,31,23,17,52,39,29,22,16,47,35,26,20,15
257,55,41,31,23,17,52,39,29,22,16,47,35,26,20,15
258,55,41,31,23,17,52,39,29,22,16,47,35,26,20,15
259,55,41,31,23,17,52,39,29,22,16,47,35,26,20,15
260,55,41,31,23,17,52,39,29,22,16,47,35,26,20,15
261,55,41,31,23,17,52,39,29,22,16,47,35,26,20,15
262,55,41,31,23,17,52,39,29,22,16,47,35,26,20,15
263,55,41,31,23,17,52,39,29,22,16,47,35,26,20,15
264,55,41,31,23,17,52,39,29,22,16,47,35,26,20,15
265,55,41,31,23,17,52,39,29,22,16,47,35,26,20,15
266,55,41,31,23,17,52,39,29,22,16,47,35,26,20,15
267,55,41,31,23,17,52,39,29,22,16,47,35,26,20,15
268,55,41,31,23,17,52,39,29,22,16,47,35,26,20,15
269,55,41,31,23,17,52,39,29,22,16,47,35,26,20,15
270,55,41,31,23,17,52,39,29,22,16,47,35,26,20,15
271,55,41,31,23,17,52,39,29,22,16,47,35,26,20,15
272,55,41,31,23,17,52,39,29,22,16,47,35,26,20,15
273,55,41,31,23,17,52,39,29,22,16,47,35,26,20,15
274,55,41,31,23,17,52,39,29,22,16,47,35,26,20,15
275,55,41,31,23,17,52,39,29,22,16,47,35,26,20,15
276,55,41,31,23,17,52,39,29,22,16,47,35,26,20,15
277,55,41,31,23,17,52,39,29,22,16,47,35,26,20,15
279,55,41,31,23,17,52,39,29,22,16,48,36,27,20,15
280,55,41,31,23,17,52,39,29,22,16,48,36,27,20,15
281,55,41,31,23,17,52,39,29,22,16,48,36,27,20,15
282,55,41,31,23,17,52,39,29,22,16,48,36,27,20,15
283,55,41,31,23,17,52,39,29,22,16,48,36,27,20,15
284,55,41,31,23,17,52,39,29,22,16,48,36,27,20,15
285,55,41,31,23,17,52,39,29,22,16,48,36,27,20,15
286,55,41,31,23,17,52,39,29,22,16,48,36,27,20,15
287,55,41,31,23,17,52,39,29,22,16,48,36,27,20,15
288,55,41,31,23,17,52,39,29,22,16,48,36,27,20,15
290,55,41,31,23,17,52,39,29,22,16,49,37,28,21,16
293,56,42,32,24,18,52,39,29,22,16,50,38,28,21,16
294,56,42,32,24,18,52,39,29,22,16,50,38,28,21,16
296,56,42,32,24,18,52,39,29,22,16,51,38,29,22,16
298,56,42,32,24,18,52,39,29,22,16,52,39,29,22,16
299,56,42,32,24,18,52,39,29,22,16,52,39,29,22,16
301,56,42,32,24,18,53,40,30,23,17,53,40,30,22,17
302,56,42,32,24,18,53,40,30,23,17,53,40,30,22,17
303,56,42,32,24,18,53,40,30,23,17,53,40,30,22,17
304,56,42,32,24,18,53,40,30,23,17,53,40,30,22,17
306,57,43,32,24,18,54,41,30,23,17,54,41,30,23,17
307,57,43,32,24,18,54,41,30,23,17,54,41,30,23,17
308,57,43,32,24,18,54,41,30,23,17,54,41,30,23,17
309,57,43,32,24,18,54,41,30,23,17,54,41,30,23,17
310,57,43,32,24,18,54,41,30,23,17,54,41,30,23,17
311,57,43,32,24,18,54,41,30,23,17,54,41,30,23,17
312,57,43,32,24,18,54,41,30,23,17,54,41,30,23,17
313,57,43,32,24,18,54,41,30,23,17,54,41,30,23,17
314,57,43,32,24,18,54,41,30,23,17,54,41,30,23,17
315,57,43,32,24,18,54,41,30,23,17,54,41,30,23,17
316,57,43,32,24,18,54,41,30,23,17,54,41,30,23,17
318,57,43,32,24,18,55,41,31,24,17,54,41,30,23,17
320,58,44,33,24,18,55,41,31,24,17,54,41,30,23,17
321,58,44,33,24,18,55,41,31,24,17,54,41,30,23,17
322,58,44,33,24,18,55,41,31,24,17,54,41,30,23,17
323,58,44,33,24,18,55,41,31,24,17,54,41,30,23,17
324,58,44,33,24,18,55,41,31,24,17,54,41,30,23,17
326,58,44,33,24,18,56,42,32,24,18,54,41,30,23,17
327,58,44,33,24,18,56,42,32,24,18,54,41,30,23,17
328,58,44,33,24,18,56,42,32,24,18,54,41,30,23,17
329,58,44,33,24,18,56,42,32,24,18,54,41,30,23,17
330,58,44,33,24,18,56,42,32,24,18,54,41,30,23,17
331,58,44,33,24,18,56,42,32,24,18,54,41,30,23,17
334,59,44,33,25,19,57,43,32,24,18,54,41,30,23,17
335,59,44,33,25,19,57,43,32,24,18,54,41,30,23,17
336,59,44,33,25,19,57,43,32,24,18,54,41,30,23,17
337,59,44,33,25,19,57,43,32,24,18,54,41,30,23,17
338,59,44,33,25,19,57,43,32,24,18,54,41,30,23,17
339,59,44,33,25,19,57,43,32,24,18,54,41,30,23,17
340,59,44,33,25,19,57,43,32,24,18,54,41,30,23,17
341,59,44,33,25,19,57,43,32,24,18,54,41,30,23,17
342,59,44,33,25,19,57,43,32,24,18,54,41,30,23,17
343,59,44,33,25,19,57,43,32,24,18,54,41,30,23,17
344,59,44,33,25,19,57,43,32,24,18,54,41,30,23,17
345,59,44,33,25,19,57,43,32,24,18,54,41,30,23,17
347,60,45,34,25,19,58,44,33,25,18,54,41,30,23,17
348,60,45,34,25,19,58,44,33,25,18,54,41,30,23,17
349,60,45,34,25,19,58,44,33,25,18,54,41,30,23,17
350,60,45,34,25,19,58,44,33,25,18,54,41,30,23,17
351,60,45,34,25,19,58,44,33,25,18,54,41,30,23,17
352,60,45,34,25,19,58,44,33,25,18,54,41,30,23,17
353,60,45,34,25,19,58,44,33,25,18,54,41,30,23,17
354,60,45,34,25,19,58,44,33,25,18,54,41,30,23,17
355,60,45,34,25,19,58,44,33,25,18,54,41,30,23,17
356,60,45,34,25,19,58,44,33,25,18,54,41,30,23,17
357,60,45,34,25,19,58,44,33,25,18,54,41,30,23,17
358,60,45,34,25,19,58,44,33,25,18,54,41,30,23,17
360,61,46,34,26,19,58,44,33,25,18,54,41,30,23,17
361,61,46,34,26,19,58,44,33,25,18,54,41,30,23,17
362,61,46,34,26,19,58,44,33,25,18,54,41,30,23,17
363,61,46,34,26,19,58,44,33,25,18,54,41,30,23,17
365,61,46,34,26,19,59,44,33,25,19,54,41,30,23,17
366,61,46,34,26,19,59,44,33,25,19,54,41,30,23,17
367,61,46,34,26,19,59,44,33,25,19,54,41,30,23,17
368,61,46,34,26,19,59,44,33,25,19,54,41,30,23,17
369,61,46,34,26,19,59,44,33,25,19,54,41,30,23,17
370,61,46,34,26,19,59,44,33,25,19,54,41,30,23,17
371,61,46,34,26,19,59,44,33,25,19,54,41,30,23,17
372,61,46,34,26,19,59,44,33,25,19,54,41,30,23,17
373,61,46,34,26,19,59,44,33,25,19,54,41,30,23,17
374,61,46,34,26,19,59,44,33,25,19,54,41,30,23,17
375,61,46,34,26,19,59,44,33,25,19,54,41,30,23,17
376,61,46,34,26,19,59,44,33,25,19,54,41,30,23,17
377,61,46,34,26,19,59,44,33,25,19,54,41,30,23,17
379,61,46,34,26,19,59,44,33,25,19,55,41,31,23,17
380,61,46,34,26,19,59,44,33,25,19,55,41,31,23,17
381,61,46,34,26,19,59,44,33,25,19,55,41,31,23,17
383,61,46,34,26,19,60,45,34,26,19,55,41,31,23,17
384,61,46,34,26,19,60,45,34,26,19,55,41,31,23,17
386,61,46,34,26,19,60,45,34,26,19,56,42,32,24,18
387,61,46,34,26,19,60,45,34,26,19,56,42,32,24,18
388,61,46,34,26,19,60,45,34,26,19,56,42,32,24,18
389,61,46,34,26,19,60,45,34,26,19,56,42,32,24,18
390,61,46,34,26,19,60,45,34,26,19,56,42,32,24,18
391,61,46,34,26,19,60,45,34,26,19,56,42,32,24,18
392,61,46,34,26,19,60,45,34,26,19,56,42,32,24,18
393,61,46,34,26,19,60,45,34,26,19,56,42,32,24,18
394,61,46,34,26,19,60,45,34,26,19,56,42,32,24,18
395,61,46,34,26,19,60,45,34,26,19,56,42,32,24,18
396,61,46,34,26,19,60,45,34,26,19,56,42,32,24,18
397,61,46,34,26,19,60,45,34,26,19,56,42,32,24,18
398,61,46,34,26,19,60,45,34,26,19,56,42,32,24,18
401,61,46,34,26,19,61,46,34,26,19,57,43,32,24,18
402,61,46,34,26,19,61,46,34,26,19,57,43,32,24,18
403,61,46,34,26,19,61,46,34,26,19,57,43,32,24,18
404,61,46,34,26,19,61,46,34,26,19,57,43,32,24,18
405,61,46,34,26,19,61,46,34,26,19,57,43,32,24,18
406,61,46,34,26,19,61,46,34,26,19,57,43,32,24,18
408,61,46,34,26,19,61,46,34,26,19,58,44,33,24,18
409,61,46,34,26,19,61,46,34,26,19,58,44,33,24,18
410,61,46,34,26,19,61,46,34,26,19,58,44,33,24,18
411,61,46,34,26,19,61,46,34,26,19,58,44,33,24,18
412,61,46,34,26,19,61,46,34,26,19,58,44,33,24,18
413,61,46,34,26,19,61,46,34,26,19,58,44,33,24,18
414,61,46,34,26,19,61,46,34,26,19,58,44,33,24,18
415,61,46,34,26,19,61,46,34,26,19,58,44,33,24,18
417,61,46,34,26,19,61,46,34,26,19,59,44,33,25,19
419,62,47,35,26,20,62,47,35,27,20,59,44,33,25,19
420,62,47,35,26,20,62,47,35,27,20,59,44,33,25,19
421,62,47,35,26,20,62,47,35,27,20,59,44,33,25,19
422,62,47,35,26,20,62,47,35,27,20,59,44,33,25,19
424,62,47,35,26,20,62,47,35,27,20,60,45,34,25,19
425,62,47,35,26,20,62,47,35,27,20,60,45,34,25,19
426,62,47,35,26,20,62,47,35,27,20,60,45,34,25,19
427,62,47,35,26,20,62,47,35,27,20,60,45,34,25,19
428,62,47,35,26,20,62,47,35,27,20,60,45,34,25,19
430,62,47,35,26,20,62,47,35,27,20,61,46,34,26,19
431,62,47,35,26,20,62,47,35,27,20,61,46,34,26,19
432,62,47,35,26,20,62,47,35,27,20,61,46,34,26,19
434,62,47,35,27,20,62,47,35,27,20,62,47,35,27,20
436,63,47,35,27,20,63,47,35,27,20,62,47,35,27,20
438,63,47,35,27,20,63,47,35,27,20,63,47,35,27,20
439,63,47,35,27,20,63,47,35,27,20,63,47,35,27,20
440,63,47,35,27,20,63,47,35,27,20,63,47,35,27,20
441,63,47,35,27,20,63,47,35,27,20,63,47,35,27,20
442,63,47,35,27,20,63,47,35,27,20,63,47,35,27,20
443,63,47,35,27,20,63,47,35,27,20,63,47,35,27,20
445,64,48,36,27,20,64,48,36,27,20,64,48,36,27,20
446,64,48,36,27,20,64,48,36,27,20,64,48,36,27,20
447,64,48,36,27,20,64,48,36,27,20,64,48,36,27,20
448,64,48,36,27,20,64,48,36,27,20,64,48,36,27,20
449,64,48,36,27,20,64,48,36,27,20,64,48,36,27,20
451,65,49,37,28,21,65,49,37,28,21,65,49,37,28,21
452,65,49,37,28,21,65,49,37,28,21,65,49,37,28,21
453,65,49,37,28,21,65,49,37,28,21,65,49,37,28,21
454,65,49,37,28,21,65,49,37,28,21,65,49,37,28,21
455,65,49,37,28,21,65,49,37,28,21,65,49,37,28,21
456,65,49,37,28,21,65,49,37,28,21,65,49,37,28,21
458,66,50,37,28,21,66,50,37,28,21,66,50,37,28,21
459,66,50,37,28,21,66,50,37,28,21,66,50,37,28,21
460,66,50,37,28,21,66,50,37,28,21,66,50,37,28,21
461,66,50,37,28,21,66,50,37,28,21,66,50,37,28,21
462,66,50,37,28,21,66,50,37,28,21,66,50,37,28,21
465,68,51,38,29,22,68,51,38,29,22,68,51,38,29,22
468,70,53,39,30,22,70,53,39,30,22,70,53,39,30,22
471,72,54,41,31,23,72,54,41,31,23,72,54,41,31,23
474,74,56,42,32,23,74,56,42,32,23,74,56,42,32,23
477,76,57,43,33,24,76,57,43,33,24,76,57,43,33,24
480,78,59,44,33,25,78,59,44,33,25,78,59,44,33,25
484,81,61,46,35,26,81,61,46,35,26,81,61,46,35,26
489,85,64,48,36,27,85,64,48,36,27,85,64,48,36,27
494,89,67,50,38,28,89,67,50,38,28,89,67,50,38,28
501,95,71,53,41,30,95,71,53,41,30,95,71,53,41,30
1101,26598,19949,14962,11397,8414,26598,19949,14962,11397,8414,26598,19949,14962,11397,8414
1102,26598,19949,14962,11397,8414,26598,19949,14962,11397,8414,26598,19949,14962,11397,8414
1103,26598,19949,14962,11397,8414,26598,19949,14962,11397,8414,26598,19949,14962,11397,8414
1104,26598,19949,14962,11397,8414,26598,19949,14962,11397,8414,26598,19949,14962,11397,8414
1105,26598,19949,14962,11397,8414,26598,19949,14962,11397,8414,26598,19949,14962,11397,8414
1106,26598,19949,14962,11397,8414,26598,19949,14962,11397,8414,26598,19949,14962,11397,8414
1107,26598,19949,14962,11397,8414,26598,19949,14962,11397,8414,26598,19949,14962,11397,8414
1108,26598,19949,14962,11397,8414,26598,19949,14962,11397,8414,26598,19949,14962,11397,8414
1109,26598,19949,14962,11397,8414,26598,19949,14962,11397,8414,26598,19949,14962,11397,8414
1110,26598,19949,14962,11397,8414,26598,19949,14962,11397,8414,26598,19949,14962,11397,8414
1111,26598,19949,14962,11397,8414,26598,19949,14962,11397,8414,26598,19949,14962,11397,8414
1112,26598,19949,14962,11397,8414,26598,19949,14962,11397,8414,26598,19949,14962,11397,8414
1113,26598,19949,14962,11397,8414,26598,19949,14962,11397,8414,26598,19949,14962,11397,8414
1114,26598,19949,14962,11397,8414,26598,19949,14962,11397,8414,26598,19949,14962,11397,8414
1115,26598,19949,14962,11397,8414,26598,19949,14962,11397,8414,26598,19949,14962,11397,8414
1116,26598,19949,14962,11397,8414,26598,19949,14962,11397,8414,26598,19949,14962,11397,8414
1117,26598,19949,14962,11397,8414,26598,19949,14962,11397,8414,26598,19949,14962,11397,8414
1118,26598,19949,14962,11397,8414,26598,19949,14962,11397,8414,26598,19949,14962,11397,8414
1119,26598,19949,14962,11397,8414,26598,19949,14962,11397,8414,26598,19949,14962,11397,8414
1120,26598,19949,14962,11397,8414,26598,19949,14962,11397,8414,26598,19949,14962,11397,8414
1121,26598,19949,14962,11397,8414,26598,19949,14962,11397,8414,26598,19949,14962,11397,8414
1122,26598,19949,14962,11397,8414,26598,19949,14962,11397,8414,26598,19949,14962,11397,8414
1123,26598,19949,14962,11397,8414,26598,19949,14962,11397,8414,26598,19949,14962,11397,8414
1124,26598,19949,14962,11397,8414,26598,19949,14962,11397,8414,26598,19949,14962,11397,8414
1125,26598,19949,14962,11397,8414,26598,19949,14962,11397,8414,26598,19949,14962,11397,8414
1126,26598,19949,14962,11397,8414,26598,19949,14962,11397,8414,26598,19949,14962,11397,8414
1127,26598,19949,14962,11397,8414,26598,19949,14962,11397,8414,26598,19949,14962,11397,8414
1128,26598,19949,14962,11397,8414,26598,19949,14962,11397,8414,26598,19949,14962,11397,8414
1129,26598,19949,14962,11397,8414,26598,19949,14962,11397,8414,26598,19949,14962,11397,8414
1130,26598,19949,14962,11397,8414,26598,19949,14962,11397,8414,26598,19949,14962,11397,8414
1131,26598,19949,14962,11397,8414,26598,19949,14962,11397,8414,26598,19949,14962,11397,8414
1132,26598,19949,14962,11397,8414,26598,19949,14962,11397,8414,26598,19949,14962,11397,8414
1133,26598,19949,14962,11397,8414,26598,19949,14962,11397,8414,26598,19949,14962,11397,8414
1134,26598,19949,14962,11397,8414,26598,19949,14962,11397,8414,26598,19949,14962,11397,8414
1135,26598,19949,14962,11397,8414,26598,19949,14962,11397,8414,26598,19949,14962,11397,8414
1136,26598,19949,14962,11397,8414,26598,19949,14962,11397,8414,26598,19949,14962,11397,8414
1137,26598,19949,14962,11397,8414,26598,19949,14962,11397,8414,26598,19949,14962,11397,8414
1138,26598,19949,14962,11397,8414,26598,19949,14962,11397,8414,26598,19949,14962,11397,8414
1139,26598,19949,14962,11397,8414,26598,19949,14962,11397,8414,26598,19949,14962,11397,8414
1140,26598,19949,14962,11397,8414,26598,19949,14962,11397,8414,26598,19949,14962,11397,8414
1141,26598,19949,14962,11397,8414,26598,19949,14962,11397,8414,26598,19949,14962,11397,8414
1142,26598,19949,14962,11397,8414,26598,19949,14962,11397,8414,26598,19949,14962,11397,8414
1143,26598,19949,14962,11397,8414,26598,19949,14962,11397,8414,26598,19949,14962,11397,8414
1144,26598,19949,14962,11397,8414,26598,19949,14962,11397,8414,26598,19949,14962,11397,8414
1145,26598,19949,14962,11397,8414,26598,19949,14962,11397,8414,26598,19949,14962,11397,8414
1146,26598,19949,14962,11397,8414,26598,19949,14962,11397,8414,26598,19949,14962,11397,8414
1147,26598,19949,14962,11397,8414,26598,19949,14962,11397,8414,26598,19949,14962,11397,8414
1148,26598,19949,14962,11397,8414,26598,19949,14962,11397,8414,26598,19949,14962,11397,8414
1149,26598,19949,14962,11397,8414,26598,19949,14962,11397,8414,26598,19949,14962,11397,8414
1150,26598,19949,14962,11397,8414,26598,19949,14962,11397,8414,26598,19949,14962,11397,8414
1151,26598,19949,14962,11397,8414,26598,19949,14962,11397,8414,26598,19949,14962,11397,8414
1152,26598,19949,14962,11397,8414,26598,19949,14962,11397,8414,26598,19949,14962,11397,8414
1153,26598,19949,14962,11397,8414,26598,19949,14962,11397,8414,26598,19949,14962,11397,8414
1154,26598,19949,14962,11397,8414,26598,19949,14962,11397,8414,26598,19949,14962,11397,8414
1155,26598,19949,14962,11397,8414,26598,19949,14962,11397,8414,26598,19949,14962,11397,8414
1156,26598,19949,14962,11397,8414,26598,19949,14962,11397,8414,26598,19949,14962,11397,8414
1157,26598,19949,14962,11397,8414,26598,19949,14962,11397,8414,26598,19949,14962,11397,8414
1158,26598,19949,14962,11397,8414,26598,19949,14962,11397,8414,26598,19949,14962,11397,8414
1159,26598,19949,14962,11397,8414,26598,19949,14962,11397,8414,26598,19949,14962,11397,8414
1160,26598,19949,14962,11397,8414,26598,19949,14962,11397,8414,26598,19949,14962,11397,8414
1161,26598,19949,14962,11397,8414,26598,19949,14962,11397,8414,26598,19949,14962,11397,8414
1162,26598,19949,14962,11397,8414,26598,19949,14962,11397,8414,26598,19949,14962,11397,8414
1163,26598,19949,14962,11397,8414,26598,19949,14962,11397,8414,26598,19949,14962,11397,8414
1164,26598,19949,14962,11397,8414,26598,19949,14962,11397,8414,26598,19949,14962,11397,8414
1165,26598,19949,14962,11397,8414,26598,19949,14962,11397,8414,26598,19949,14962,11397,8414
1166,26598,19949,14962,11397,8414,26598,19949,14962,11397,8414,26598,19949,14962,11397,8414
1167,26598,19949,14962,11397,8414,26598,19949,14962,11397,8414,26598,19949,14962,11397,8414
1168,26598,19949,14962,11397,8414,26598,19949,14962,11397,8414,26598,19949,14962,11397,8414
1169,26598,19949,14962,11397,8414,26598,19949,14962,11397,8414,26598,19949,14962,11397,8414
1170,26598,19949,14962,11397,8414,26598,19949,14962,11397,8414,26598,19949,14962,11397,8414
1171,26598,19949,14962,11397,8414,26598,19949,14962,11397,8414,26598,19949,14962,11397,8414
1172,26598,19949,14962,11397,8414,26598,19949,14962,11397,8414,26598,19949,14962,11397,8414
1173,26598,19949,14962,11397,8414,26598,19949,14962,11397,8414,26598,19949,14962,11397,8414
1174,26598,19949,14962,11397,8414,26598,19949,14962,11397,8414,26598,19949,14962,11397,8414
1175,26598,19949,14962,11397,8414,26598,19949,14962,11397,8414,26598,19949,14962,11397,8414
1176,26598,19949,14962,11397,8414,26598,19949,14962,11397,8414,26598,19949,14962,11397,8414
1177,26598,19949,14962,11397,8414,26598,19949,14962,11397,8414,26598,19949,14962,11397,8414
1178,26598,19949,14962,11397,8414,26598,19949,14962,11397,8414,26598,19949,14962,11397,8414
1179,26598,19949,14962,11397,8414,26598,19949,14962,11397,8414,26598,19949,14962,11397,8414
1180,26598,19949,14962,11397,8414,26598,19949,14962,11397,8414,26598,19949,14962,11397,8414
1181,26598,19949,14962,11397,8414,26598,19949,14962,11397,8414,26598,19949,14962,11397,8414
1182,26598,19949,14962,11397,8414,26598,19949,14962,11397,8414,26598,19949,14962,11397,8414
1183,26598,19949,14962,11397,8414,26598,19949,14962,11397,8414,26598,19949,14962,11397,8414
1184,26598,19949,14962,11397,8414,26598,19949,14962,11397,8414,26598,19949,14962,11397,8414
1185,26598,19949,14962,11397,8414,26598,19949,14962,11397,8414,26598,19949,14962,11397,8414
1186,26598,19949,14962,11397,8414,26598,19949,14962,11397,8414,26598,19949,14962,11397,8414
1187,26598,19949,14962,11397,8414,26598,19949,14962,11397,8414,26598,19949,14962,11397,8414
1188,26598,19949,14962,11397,8414,26598,19949,14962,11397,8414,26598,19949,14962,11397,8414
1189,26598,19949,14962,11397,8414,26598,19949,14962,11397,8414,26598,19949,14962,11397,8414
1190,26598,19949,14962,11397,8414,26598,19949,14962,11397,8414,26598,19949,14962,11397,8414
1191,26598,19949,14962,11397,8414,26598,19949,14962,11397,8414,26598,19949,14962,11397,8414
1192,26598,19949,14962,11397,8414,26598,19949,14962,11397,8414,26598,19949,14962,11397,8414
1193,26598,19949,14962,11397,8414,26598,19949,14962,11397,8414,26598,19949,14962,11397,8414
1194,26598,19949,14962,11397,8414,26598,19949,14962,11397,8414,26598,19949,14962,11397,8414
1195,26598,19949,14962,11397,8414,26598,19949,14962,11397,8414,26598,19949,14962,11397,8414
1196,26598,19949,14962,11397,8414,26598,19949,14962,11397,8414,26598,19949,14962,11397,8414
1197,26598,19949,14962,11397,8414,26598,19949,14962,11397,8414,26598,19949,14962,11397,8414
1198,26598,19949,14962,11397,8414,26598,19949,14962,11397,8414,26598,19949,14962,11397,8414
1199,26598,19949,14962,11397,8414,26598,19949,14962,11397,8414,26598,19949,14962,11397,8414
1200,26598,19949,14962,11397,8414,26598,19949,14962,11397,8414,26598,19949,14962,11397,8414
1201,26598,19949,14962,11397,8414,26598,19949,14962,11397,8414,26598,19949,14962,11397,8414
1202,26598,19949,14962,11397,8414,26598,19949,14962,11397,8414,26598,19949,14962,11397,8414
1203,26598,19949,14962,11397,8414,26598,19949,14962,11397,8414,26598,19949,14962,11397,8414
1204,26598,19949,14962,11397,8414,26598,19949,14962,11397,8414,26598,19949,14962,11397,8414
1205,26598,19949,14962,11397,8414,26598,19949,14962,11397,8414,26598,19949,14962,11397,8414
1206,26598,19949,14962,11397,8414,26598,19949,14962,11397,8414,26598,19949,14962,11397,8414
1207,26598,19949,14962,11397,8414,26598,19949,14962,11397,8414,26598,19949,14962,11397,8414
1208,26598,19949,14962,11397,8414,26598,19949,14962,11397,8414,26598,19949,14962,11397,8414
1209,26598,19949,14962,11397,8414,26598,19949,14962,11397,8414,26598,19949,14962,11397,8414
1210,26598,19949,14962,11397,8414,26598,19949,14962,11397,8414,26598,19949,14962,11397,8414
1211,26598,19949,14962,11397,8414,26598,19949,14962,11397,8414,26598,19949,14962,11397,8414
1212,26598,19949,14962,11397,8414,26598,19949,14962,11397,8414,26598,19949,14962,11397,8414
1213,26598,19949,14962,11397,8414,26598,19949,14962,11397,8414,26598,19949,14962,11397,8414
1214,26598,19949,14962,11397,8414,26598,19949,14962,11397,8414,26598,19949,14962,11397,8414
1215,26598,19949,14962,11397,8414,26598,19949,14962,11397,8414,26598,19949,14962,11397,8414
1216,26598,19949,14962,11397,8414,26598,19949,14962,11397,8414,26598,19949,14962,11397,8414
1217,26598,19949,14962,11397,8414,26598,19949,14962,11397,8414,26598,19949,14962,11397,8414
1218,26598,19949,14962,11397,8414,26598,19949,14962,11397,8414,26598,19949,14962,11397,8414
1219,26598,19949,14962,11397,8414,26598,19949,14962,11397,8414,26598,19949,14962,11397,8414
1220,26598,19949,14962,11397,8414,26598,19949,14962,11397,8414,26598,19949,14962,11397,8414
1221,26598,19949,14962,11397,8414,26598,19949,14962,11397,8414,26598,19949,14962,11397,8414
1222,26598,19949,14962,11397,8414,26598,19949,14962,11397,8414,26598,19949,14962,11397,8414
1223,26598,19949,14962,11397,8414,26598,19949,14962,11397,8414,26598,19949,14962,11397,8414
1224,26598,19949,14962,11397,8414,26598,19949,14962,11397,8414,26598,19949,14962,11397,8414
1225,26598,19949,14962,11397,8414,26598,19949,14962,11397,8414,26598,19949,14962,11397,8414
1226,26598,19949,14962,11397,8414,26598,19949,14962,11397,8414,26598,19949,14962,11397,8414
1227,26598,19949,14962,11397,8414,26598,19949,14962,11397,8414,26598,19949,14962,11397,8414
1228,26598,19949,14962,11397,8414,26598,19949,14962,11397,8414,26598,19949,14962,11397,8414
1229,26598,19949,14962,11397,8414,26598,19949,14962,11397,8414,26598,19949,14962,11397,8414
1230,26598,19949,14962,11397,8414,26598,19949,14962,11397,8414,26598,19949,14962,11397,8414
1231,26598,19949,14962,11397,8414,26598,19949,14962,11397,8414,26598,19949,14962,11397,8414
1232,26598,19949,14962,11397,8414,26598,19949,14962,11397,8414,26598,19949,14962,11397,8414
1233,26598,19949,14962,11397,8414,26598,19949,14962,11397,8414,26598,19949,14962,11397,8414
1234,26598,19949,14962,11397,8414,26598,19949,14962,11397,8414,26598,19949,14962,11397,8414
1235,26598,19949,14962,11397,8414,26598,19949,14962,11397,8414,26598,19949,14962,11397,8414
1236,26598,19949,14962,11397,8414,26598,19949,14962,11397,8414,26598,19949,14962,11397,8414
1237,26598,19949,14962,11397,8414,26598,19949,14962,11397,8414,26598,19949,14962,11397,8414
1238,26598,19949,14962,11397,8414,26598,19949,14962,11397,8414,26598,19949,14962,11397,8414
1239,26598,19949,14962,11397,8414,26598,19949,14962,11397,8414,26598,19949,14962,11397,8414
1240,26598,19949,14962,11397,8414,26598,19949,14962,11397,8414,26598,19949,14962,11397,8414
1241,26598,19949,14962,11397,8414,26598,19949,14962,11397,8414,26598,19949,14962,11397,8414
1242,26598,19949,14962,11397,8414,26598,19949,14962,11397,8414,26598,19949,14962,11397,8414
1243,26598,19949,14962,11397,8414,26598,19949,14962,11397,8414,26598,19949,14962,11397,8414
1244,26598,19949,14962,11397,8414,26598,19949,14962,11397,8414,26598,19949,14962,11397,8414
1245,26598,19949,14962,11397,8414,26598,19949,14962,11397,8414,26598,19949,14962,11397,8414
1246,26598,19949,14962,11397,8414,26598,19949,14962,11397,8414,26598,19949,14962,11397,8414
1247,26598,19949,14962,11397,8414,26598,19949,14962,11397,8414,26598,19949,14962,11397,8414
1248,26598,19949,14962,11397,8414,26598,19949,14962,11397,8414,26598,19949,14962,11397,8414
1249,26598,19949,14962,11397,8414,26598,19949,14962,11397,8414,26598,19949,14962,11397,8414
1250,26598,19949,14962,11397,8414,26598,19949,14962,11397,8414,26598,19949,14962,11397,8414
1251,26598,19949,14962,11397,8414,26598,19949,14962,11397,8414,26598,19949,14962,11397,8414
1252,26598,19949,14962,11397,8414,26598,19949,14962,11397,8414,26598,19949,14962,11397,8414
1253,26598,19949,14962,11397,8414,26598,19949,14962,11397,8414,26598,19949,14962,11397,8414
1254,26598,19949,14962,11397,8414,26598,19949,14962,11397,8414,26598,19949,14962,11397,8414
1255,26598,19949,14962,11397,8414,26598,19949,14962,11397,8414,26598,19949,14962,11397,8414
1256,26598,19949,14962,11397,8414,26598,19949,14962,11397,8414,26598,19949,14962,11397,8414
1257,26598,19949,14962,11397,8414,26598,19949,14962,11397,8414,26598,19949,14962,11397,8414
1258,26598,19949,14962,11397,8414,26598,19949,14962,11397,8414,26598,19949,14962,11397,8414
1259,26598,19949,14962,11397,8414,26598,19949,14962,11397,8414,26598,19949,14962,11397,8414
1260,26598,19949,14962,11397,8414,26598,19949,14962,11397,8414,26598,19949,14962,11397,8414
1261,26598,19949,14962,11397,8414,26598,19949,14962,11397,8414,26598,19949,14962,11397,8414
1262,26598,19949,14962,11397,8414,26598,19949,14962,11397,8414,26598,19949,14962,11397,8414
1263,26598,19949,14962,11397,8414,26598,19949,14962,11397,8414,26598,19949,14962,11397,8414
1264,26598,19949,14962,11397,8414,26598,19949,14962,11397,8414,26598,19949,14962,11397,8414
1265,26598,19949,14962,11397,8414,26598,19949,14962,11397,8414,26598,19949,14962,11397,8414
1266,26598,19949,14962,11397,8414,26598,19949,14962,11397,8414,26598,19949,14962,11397,8414
1267,26598,19949,14962,11397,8414,26598,19949,14962,11397,8414,26598,19949,14962,11397,8414
1268,26598,19949,14962,11397,8414,26598,19949,14962,11397,8414,26598,19949,14962,11397,8414
1269,26598,19949,14962,11397,8414,26598,19949,14962,11397,8414,26598,19949,14962,11397,8414
1270,26598,19949,14962,11397,8414,26598,19949,14962,11397,8414,26598,19949,14962,11397,8414
1271,26598,19949,14962,11397,8414,26598,19949,14962,11397,8414,26598,19949,14962,11397,8414
1272,26598,19949,14962,11397,8414,26598,19949,14962,11397,8414,26598,19949,14962,11397,8414
1273,26598,19949,14962,11397,8414,26598,19949,14962,11397,8414,26598,19949,14962,11397,8414
1274,26598,19949,14962,11397,8414,26598,19949,14962,11397,8414,26598,19949,14962,11397,8414
1275,26598,19949,14962,11397,8414,26598,19949,14962,11397,8414,26598,19949,14962,11397,8414
1276,26598,19949,14962,11397,8414,26598,19949,14962,11397,8414,26598,19949,14962,11397,8414
1277,26598,19949,14962,11397,8414,26598,19949,14962,11397,8414,26598,19949,14962,11397,8414
1278,26598,19949,14962,11397,8414,26598,19949,14962,11397,8414,26598,19949,14962,11397,8414
1279,26598,19949,14962,11397,8414,26598,19949,14962,11397,8414,26598,19949,14962,11397,8414
1280,26598,19949,14962,11397,8414,26598,19949,14962,11397,8414,26598,19949,14962,11397,8414
1281,26598,19949,14962,11397,8414,26598,19949,14962,11397,8414,26598,19949,14962,11397,8414
1282,26598,19949,14962,11397,8414,26598,19949,14962,11397,8414,26598,19949,14962,11397,8414
1283,26598,19949,14962,11397,8414,26598,19949,14962,11397,8414,26598,19949,14962,11397,8414
1284,26598,19949,14962,11397,8414,26598,19949,14962,11397,8414,26598,19949,14962,11397,8414
1285,26598,19949,14962,11397,8414,26598,19949,14962,11397,8414,26598,19949,14962,11397,8414
1286,26598,19949,14962,11397,8414,26598,19949,14962,11397,8414,26598,19949,14962,11397,8414
1287,26598,19949,14962,11397,8414,26598,19949,14962,11397,8414,26598,19949,14962,11397,8414
1288,26598,19949,14962,11397,8414,26598,19949,14962,11397,8414,26598,19949,14962,11397,8414
1289,26598,19949,14962,11397,8414,26598,19949,14962,11397,8414,26598,19949,14962,11397,8414
1290,26598,19949,14962,11397,8414,26598,19949,14962,11397,8414,26598,19949,14962,11397,8414
1291,26598,19949,14962,11397,8414,26598,19949,14962,11397,8414,26598,19949,14962,11397,8414
1292,26598,19949,14962,11397,8414,26598,19949,14962,11397,8414,26598,19949,14962,11397,8414
1293,26598,19949,14962,11397,8414,26598,19949,14962,11397,8414,26598,19949,14962,11397,8414
1294,26598,19949,14962,11397,8414,26598,19949,14962,11397,8414,26598,19949,14962,11397,8414
1295,26598,19949,14962,11397,8414,26598,19949,14962,11397,8414,26598,19949,14962,11397,8414
1296,26598,19949,14962,11397,8414,26598,19949,14962,11397,8414,26598,19949,14962,11397,8414
1297,26598,19949,14962,11397,8414,26598,19949,14962,11397,8414,26598,19949,14962,11397,8414
1298,26598,19949,14962,11397,8414,26598,19949,14962,11397,8414,26598,19949,14962,11397,8414
1299,26598,19949,14962,11397,8414,26598,19949,14962,11397,8414,26598,19949,14962,11397,8414
1300,26598,19949,14962,11397,8414,26598,19949,14962,11397,8414,26598,19949,14962,11397,8414
